IdCliente;Ciudad;Antiguedad;PlanInternacional;BuzonDeVoz;PromMinUsadosDia;PromNumLlamadasDia;PromMinUsadosTarde;PromNumLlamadasTarde;PromMinUsadosNoche;PromNumLlamadasNoche;TotalMinsIntnl;TotalLlamadasIntnl;TotalLlamadasCallCenter;Estado
1;NY;86;No;No;70.7;125;211.0;113;174.6;107;0.0;0.0;2;Vinculado
2;VT;165;No;No;242.9;126;209.8;65;228.4;126;0.0;0.0;1;Vinculado
3;KS;70;No;No;222.8;114;215.9;113;223.5;122;0.0;0.0;1;Vinculado
4;NM;158;No;No;172.4;114;256.6;69;235.3;104;0.0;0.0;2;Vinculado
5;ND;101;No;No;217.7;118;;128;185.3;128;0.0;0.0;3;Vinculado
6;OH;114;No;No;191.5;88;175.2;78;220.3;118;0.0;0.0;0;Vinculado
7;SC;84;No;No;204.1;132;164.4;117;165.1;123;0.0;0.0;1;Vinculado
8;MN;44;No;No;207.2;90;178.6;76;182.0;74;0.0;0.0;0;Vinculado
9;VA;115;No;No;132.0;90;197.5;75;175.8;114;0.0;0.0;3;Vinculado
10;MS;78;No;No;131.6;102;290.4;134;190.5;95;0.0;0.0;3;Vinculado
11;KS;70;No;No;232.1;122;292.3;112;201.2;112;0.0;0.0;3;Vinculado
12;MA;58;No;No;174.4;112;265.8;122;182.4;87;0.0;0.0;4;Vinculado
13;VT;137;;No;97.5;95;195.8;82;288.8;78;0.0;0.0;1;
14;FL;98;No;No;288.1;101;137.9;93;206.5;88;0.0;0.0;0;Vinculado
15;CA;127;No;No;107.9;128;187.0;77;218.5;95;0.0;0.0;0;Vinculado
16;NY;138;Si;No;261.1;96;170.9;120;71.1;89;0.0;0.0;3;Retirado
17;WI;62;No;No;281.0;66;160.6;108;77.9;74;0.0;0.0;1;Vinculado
18;MO;106;No;No;114.4;104;78.3;101;232.7;78;0.0;0.0;2;Vinculado
19;AL;74;No;No;207.1;79;182.0;100;233.7;73;7.4;7.4;1;Vinculado
20;NE;127;Si;No;180.9;114;209.5;118;249.9;105;7.4;7.4;2;Vinculado
21;AL;26;No;No;290.1;143;245.7;97;147.0;80;7.4;7.4;2;Retirado
22;MN;79;No;No;121.3;112;282.8;107;123.1;83;7.4;7.4;1;Vinculado
23;WA;63;No;No;211.7;107;271.7;77;203.3;108;7.4;7.4;0;Vinculado
24;WA;45;No;No;78.6;106;187.3;110;184.2;111;7.4;7.4;1;Retirado
25;KS;119;No;No;231.5;82;266.9;97;211.0;118;7.4;7.4;1;Vinculado
26;NJ;115;No;No;156.8;104;264.7;84;249.0;112;7.4;7.4;0;Vinculado
27;IN;113;No;No;209.4;151;347.3;113;246.0;116;7.4;7.4;1;Retirado
28;MN;96;No;No;208.1;93;189.2;107;279.6;90;7.4;7.4;1;Vinculado
29;NY;117;No;No;144.6;115;258.8;66;253.2;113;7.4;7.4;2;Vinculado
30;VT;152;No;No;197.1;126;130.1;76;78.1;100;7.4;7.4;3;Vinculado
31;OH;125;No;No;214.7;115;260.6;94;266.3;123;7.4;7.4;3;Vinculado
32;DE;87;No;No;256.2;105;160.7;102;249.4;80;7.4;7.4;4;Vinculado
33;VT;159;No;No;275.8;103;;108;223.9;93;7.4;7.4;2;Retirado
34;NH;114;No;No;169.6;85;58.9;86;179.3;124;7.4;7.4;1;Vinculado
35;MS;107;No;No;220.1;103;200.4;94;272.6;147;7.4;7.4;2;Vinculado
36;ID;60;No;No;221.1;106;178.6;48;202.7;90;7.4;7.4;1;Vinculado
37;WV;59;No;No;189.7;100;115.9;133;220.6;115;7.4;7.4;0;Vinculado
38;DE;142;No;No;187.0;133;134.6;74;242.2;127;7.4;7.4;2;Vinculado
39;CT;120;Si;No;202.0;123;184.3;78;176.0;89;7.4;7.4;2;Retirado
40;CO;49;No;No;172.0;142;224.0;100;177.3;86;7.4;7.4;0;Vinculado
41;HI;146;;No;189.3;77;155.9;128;186.0;83;7.4;7.4;0;
42;MO;120;No;No;79.2;123;212.1;106;224.6;104;10.2;10.2;3;Vinculado
43;MN;139;No;No;134.4;106;211.3;98;193.6;125;10.2;10.2;5;Retirado
44;WV;93;No;No;141.7;95;221.0;100;227.1;71;10.2;10.2;0;Vinculado
45;KS;132;No;No;164.0;112;243.6;80;155.5;122;10.2;10.2;1;Vinculado
46;IA;46;No;No;199.2;111;175.1;83;210.6;84;10.2;10.2;3;Vinculado
47;OH;162;No;No;135.2;98;242.0;107;246.9;96;10.2;10.2;2;Vinculado
48;MT;157;No;No;240.2;67;153.0;98;249.0;72;10.2;10.2;2;Vinculado
49;RI;83;No;No;259.7;106;152.7;116;224.7;92;10.2;10.2;0;Vinculado
50;MO;36;No;No;202.4;115;230.7;115;202.0;127;10.2;10.2;3;Vinculado
51;NH;112;No;No;124.4;109;196.1;119;166.1;89;10.2;10.2;2;Vinculado
52;WA;143;No;No;133.4;107;223.9;117;180.4;85;10.2;10.2;1;Vinculado
53;NY;106;No;No;158.7;74;64.3;139;198.5;103;10.2;10.2;1;Vinculado
54;AL;16;No;No;161.9;100;230.1;138;148.8;78;10.2;10.2;3;Vinculado
55;IA;102;No;No;171.5;77;261.0;107;328.8;72;10.2;10.2;0;Vinculado
56;IN;100;No;No;216.2;107;215.6;84;138.4;127;10.2;10.2;0;Vinculado
57;HI;174;No;No;187.4;74;144.6;142;235.7;102;10.2;10.2;1;Vinculado
58;KY;147;No;No;212.8;79;204.1;91;156.2;113;10.2;10.2;1;Vinculado
59;AR;110;No;No;55.3;102;164.7;124;200.7;108;10.2;10.2;1;Vinculado
60;IN;81;No;No;175.5;67;249.3;85;270.2;98;10.2;10.2;1;Vinculado
61;NC;126;No;No;228.2;68;170.2;102;168.9;72;10.2;10.2;1;Vinculado
62;AK;59;No;No;159.5;96;167.2;123;138.6;106;10.2;10.2;0;Vinculado
63;MO;132;No;No;206.2;100;211.2;118;196.2;122;10.2;10.2;1;Vinculado
64;KY;109;No;No;175.6;80;238.0;94;198.4;103;10.2;10.2;1;Vinculado
65;NE;100;No;No;220.3;106;126.1;124;242.0;67;10.2;10.2;3;Vinculado
66;SD;131;No;No;187.9;110;200.5;101;202.6;125;10.2;10.2;2;Vinculado
67;NM;68;No;No;131.6;89;137.0;109;256.3;107;10.2;10.2;3;Vinculado
68;MN;68;No;No;226.7;94;168.4;129;188.7;117;10.2;10.2;0;Vinculado
69;IN;51;;No;214.8;94;149.7;58;283.4;66;10.2;10.2;0;
70;AL;166;Si;No;191.3;120;167.3;88;162.9;110;10.2;10.2;2;Retirado
71;SC;41;No;No;237.8;92;223.5;155;217.4;90;10.2;10.2;2;Vinculado
72;VA;100;No;No;200.7;151;290.8;127;186.7;105;10.2;10.2;1;Vinculado
73;MO;106;No;No;114.4;104;78.3;101;232.7;78;0.0;0.0;2;Vinculado
74;PA;147;No;No;188.3;80;214.7;123;218.0;89;10.2;10.2;2;Vinculado
75;KS;124;No;No;158.6;104;211.2;77;179.3;104;10.2;10.2;3;Vinculado
76;WI;143;No;No;194.3;99;123.6;133;229.5;99;10.2;10.2;2;Vinculado
77;FL;120;No;No;184.5;103;209.0;86;169.7;70;10.2;10.2;2;Vinculado
78;WV;193;No;No;180.5;114;117.9;80;192.9;97;10.2;10.2;2;Vinculado
79;ID;43;No;No;253.6;110;253.3;92;161.3;103;10.2;10.2;3;Retirado
80;MT;83;No;No;185.9;115;232.5;98;205.2;124;10.2;10.2;2;Vinculado
81;MN;30;No;No;54.0;68;179.3;96;247.2;101;10.2;10.2;1;Vinculado
82;UT;78;No;No;193.1;85;172.1;105;129.6;119;10.2;10.2;0;Vinculado
83;MN;113;No;No;198.6;115;258.0;106;245.8;104;10.2;10.2;1;Retirado
84;MS;137;No;No;147.2;119;192.8;91;172.7;105;10.2;10.2;1;Vinculado
85;NE;154;No;No;191.4;93;205.4;119;205.7;121;10.2;10.2;3;Vinculado
86;MI;61;No;No;188.9;105;153.6;116;213.3;106;10.2;10.2;2;Vinculado
87;SD;98;No;No;307.2;65;138.6;97;381.6;99;10.2;10.2;2;Retirado
88;WY;32;No;No;171.2;82;185.6;102;203.3;64;10.2;10.2;1;Vinculado
89;WY;67;No;No;125.0;96;294.5;114;205.7;75;10.2;10.2;1;Retirado
90;UT;100;No;No;179.1;123;196.6;132;186.7;116;10.2;10.2;1;Vinculado
91;NV;89;No;No;134.9;59;156.0;152;197.5;112;10.2;10.2;1;Vinculado
92;NM;69;No;No;111.3;110;226.8;107;187.6;66;10.2;10.2;1;Vinculado
93;IN;129;No;No;137.8;120;225.8;110;145.2;95;10.2;10.2;1;Retirado
94;OK;109;Si;No;166.5;101;268.4;119;126.2;112;10.2;10.2;3;Vinculado
95;GA;44;No;No;288.1;112;258.0;92;192.4;90;10.2;10.2;3;Retirado
96;IA;73;No;No;137.1;102;210.8;114;191.4;120;11.1;11.1;1;Vinculado
97;MD;93;;No;131.4;78;219.7;106;155.7;103;11.1;11.1;1;
98;NJ;24;No;No;265.6;86;208.8;102;182.5;105;11.1;11.1;2;Retirado
99;WA;112;No;No;135.1;112;226.3;85;115.2;108;11.1;11.1;1;Vinculado
100;MI;126;No;No;193.1;114;75.5;61;186.2;73;11.1;11.1;3;Vinculado
101;MS;124;No;No;251.5;85;214.2;98;186.1;71;11.1;11.1;3;Vinculado
102;AK;110;No;No;100.1;90;233.3;93;204.4;57;11.1;11.1;3;Vinculado
103;CA;60;Si;No;183.0;110;206.7;93;203.8;119;11.1;11.1;1;Vinculado
104;NE;136;No;No;259.0;105;166.9;125;255.1;107;11.1;11.1;3;Vinculado
105;MA;113;No;No;193.1;93;206.4;85;215.9;102;11.1;11.1;1;Vinculado
106;ID;69;Si;No;199.7;121;189.4;92;264.0;120;11.1;11.1;6;Retirado
107;CO;135;Si;No;177.2;151;209.3;83;236.3;114;11.1;11.1;2;Vinculado
108;OR;1;No;No;195.0;81;266.2;123;213.9;132;11.1;11.1;0;Vinculado
109;GA;120;No;No;147.7;101;144.1;71;237.0;115;11.1;11.1;0;Vinculado
110;DE;63;No;No;117.1;118;249.6;90;162.2;84;11.1;11.1;3;Vinculado
111;NY;139;No;No;236.6;109;169.9;107;212.3;118;11.1;11.1;1;Retirado
112;MN;133;No;No;128.9;85;201.4;93;275.3;103;11.1;11.1;1;Vinculado
113;HI;63;No;No;112.5;95;211.2;67;227.5;96;11.1;11.1;0;Vinculado
114;ID;42;Si;No;260.9;94;152.8;123;212.6;94;11.1;11.1;1;Vinculado
115;DC;82;No;No;143.9;61;194.9;105;109.6;94;11.1;11.1;1;Vinculado
116;OH;97;No;No;256.4;125;273.9;100;222.7;101;11.1;11.1;1;Retirado
117;WV;131;No;No;256.6;96;;113;190.2;91;11.1;11.1;1;Retirado
118;NE;94;No;No;252.6;104;169.0;125;170.9;106;11.1;11.1;2;Vinculado
119;OH;54;No;No;255.4;122;22.3;87;152.6;72;11.1;11.1;0;Vinculado
120;NY;91;No;No;109.8;100;189.6;104;206.7;85;11.1;11.1;1;Vinculado
121;WV;43;No;No;168.4;125;243.8;89;214.7;102;11.1;11.1;1;Vinculado
122;WV;7;No;No;170.2;83;137.2;123;188.0;67;11.1;11.1;2;Vinculado
123;FL;161;Si;No;156.1;114;180.3;63;179.6;115;11.1;11.1;2;Vinculado
124;CT;45;No;No;142.4;107;318.7;78;224.1;108;11.1;11.1;1;Vinculado
125;SC;89;;No;159.4;126;207.0;108;141.6;121;11.1;11.1;1;
126;NE;105;No;No;162.3;99;212.5;95;214.7;114;11.1;11.1;4;Vinculado
127;HI;141;No;No;138.2;94;176.4;84;182.9;110;11.1;11.1;3;Vinculado
128;KS;167;No;No;131.6;120;211.3;96;168.3;97;11.1;11.1;4;Retirado
129;ID;72;Si;No;101.0;110;240.0;70;333.5;105;11.1;11.1;0;Vinculado
130;MD;117;No;No;223.7;73;205.2;69;282.9;51;11.1;11.1;2;Vinculado
131;RI;73;No;No;241.7;115;168.5;133;169.8;122;11.1;11.1;2;Vinculado
132;HI;49;No;No;119.3;117;215.1;109;178.7;90;11.1;11.1;1;Vinculado
133;IA;75;No;No;138.5;110;153.2;86;215.6;103;11.1;11.1;1;Vinculado
134;NY;119;No;No;133.4;102;204.6;71;196.9;103;11.1;11.1;1;Vinculado
135;MA;101;No;No;189.0;122;179.2;91;186.8;170;11.1;11.1;0;Vinculado
136;WI;116;No;No;152.4;101;191.0;90;143.0;96;11.1;11.1;0;Vinculado
137;WA;137;No;No;208.8;120;225.3;100;221.6;130;11.1;11.1;0;Vinculado
138;ND;102;No;No;69.7;85;226.5;107;128.5;104;11.1;11.1;2;Vinculado
139;CO;65;No;No;131.5;119;222.3;119;155.3;83;11.1;11.1;1;Vinculado
140;ND;55;No;No;180.1;77;235.5;98;169.4;104;11.1;11.1;0;Vinculado
141;VT;120;No;No;149.2;98;193.6;88;248.9;119;11.1;11.1;1;Vinculado
142;IL;71;No;No;112.1;122;157.9;86;271.6;104;11.1;11.1;0;Vinculado
143;AK;41;No;No;159.3;66;125.9;75;261.9;76;11.1;11.1;1;Vinculado
144;NC;129;No;No;54.7;131;256.1;105;176.6;135;11.1;11.1;1;Vinculado
145;HI;148;Si;No;218.9;88;208.0;85;203.3;99;11.1;11.1;0;Vinculado
146;WA;45;No;No;135.0;116;159.0;108;170.3;130;11.1;11.1;1;Vinculado
147;AL;12;No;No;239.7;112;221.1;122;207.3;109;11.1;11.1;2;Vinculado
148;NV;25;No;No;250.1;108;221.9;97;208.5;84;11.1;11.1;2;Vinculado
149;LA;133;No;No;172.2;81;214.9;123;184.3;90;11.1;11.1;3;Vinculado
150;OR;61;No;No;234.2;76;216.7;108;130.6;122;13.9;13.9;1;Vinculado
151;NJ;128;No;No;237.9;125;247.6;93;208.9;68;13.9;13.9;1;Retirado
152;NV;105;No;No;98.2;103;140.3;91;140.2;106;13.9;13.9;1;Vinculado
153;UT;94;;No;183.1;109;199.4;109;214.1;71;13.9;13.9;0;
154;NJ;127;No;No;245.2;91;217.2;92;243.1;128;13.9;13.9;0;Retirado
155;NC;58;No;No;112.2;95;209.6;108;260.9;78;13.9;13.9;0;Retirado
156;PA;119;No;No;287.1;115;159.3;99;216.8;86;13.9;13.9;2;Retirado
157;TN;45;Si;No;189.6;96;171.7;69;222.0;102;13.9;13.9;1;Retirado
158;NC;80;Si;No;189.1;122;223.2;92;269.0;116;13.9;13.9;2;Retirado
159;ND;117;Si;No;158.1;101;315.1;96;176.1;108;13.9;13.9;3;Retirado
160;MT;101;No;No;154.4;130;217.2;101;185.4;52;13.9;13.9;1;Vinculado
161;MS;143;No;No;155.4;112;290.9;92;228.4;91;13.9;13.9;1;Vinculado
162;NC;80;No;No;196.0;75;237.8;112;220.1;127;13.9;13.9;1;Vinculado
163;TX;38;No;No;149.0;92;49.2;78;163.3;93;13.9;13.9;0;Vinculado
164;WY;127;Si;No;242.2;102;226.1;80;252.0;96;13.9;13.9;2;Retirado
165;TX;140;No;No;194.8;107;170.9;99;225.1;93;13.9;13.9;0;Vinculado
166;NM;132;No;No;214.6;78;251.7;98;240.8;88;13.9;13.9;0;Vinculado
167;CT;160;No;No;234.9;136;270.8;134;219.3;101;13.9;13.9;1;Retirado
168;GA;117;No;No;110.4;122;242.9;103;170.4;75;13.9;13.9;1;Vinculado
169;NH;74;No;No;154.3;71;262.3;105;235.3;99;13.9;13.9;0;Vinculado
170;NJ;59;No;No;195.0;58;198.5;88;304.3;110;14.8;14.8;0;Vinculado
171;CO;119;No;No;124.3;68;207.1;88;157.4;93;14.8;14.8;0;Vinculado
172;AR;32;Si;No;265.5;75;119.7;77;169.9;128;14.8;14.8;2;Retirado
173;RI;137;No;No;209.1;104;189.4;96;214.4;83;14.8;14.8;3;Vinculado
174;WA;55;No;No;285.7;124;230.9;106;230.7;140;14.8;14.8;0;Retirado
175;TX;98;No;No;158.5;90;254.4;67;178.4;104;14.8;14.8;2;Vinculado
176;NM;20;No;No;131.5;64;161.8;124;158.6;106;14.8;14.8;0;Vinculado
177;MA;88;No;No;264.8;124;245.4;112;160.5;115;14.8;14.8;1;Retirado
178;NE;73;No;No;198.3;94;279.3;101;146.2;87;14.8;14.8;3;Vinculado
179;OK;17;No;No;180.4;121;228.5;111;199.5;99;14.8;14.8;0;Vinculado
180;NY;32;No;No;164.8;98;229.9;96;167.3;108;14.8;14.8;2;Vinculado
181;UT;91;;No;142.6;90;286.8;102;222.2;113;14.8;14.8;0;
182;UT;133;No;No;338.4;86;234.6;97;264.8;139;14.8;14.8;3;Retirado
183;CT;56;No;No;162.3;99;149.1;78;255.5;115;14.8;14.8;4;Retirado
184;IL;117;No;No;228.3;84;152.6;92;309.7;101;3.7;3.7;3;Vinculado
185;MN;85;No;No;255.3;114;194.6;83;276.6;78;3.7;3.7;3;Vinculado
186;SC;1;No;No;123.8;113;236.2;77;73.2;81;3.7;3.7;0;Vinculado
187;NC;165;No;No;207.7;109;164.8;94;54.5;91;7.9;7.9;0;Vinculado
188;NV;148;No;No;279.3;104;201.6;87;280.8;99;7.9;7.9;2;Retirado
189;VA;58;No;No;181.4;106;145.8;77;200.3;85;7.9;7.9;0;Vinculado
190;MI;128;No;No;179.4;94;270.4;92;191.0;88;7.9;7.9;0;Vinculado
191;ND;94;No;No;174.0;85;241.1;114;207.8;94;7.9;7.9;1;Vinculado
192;MS;78;No;No;108.6;108;209.9;126;222.6;117;7.9;7.9;1;Retirado
193;NY;114;No;No;139.8;152;215.9;76;96.9;111;7.9;7.9;2;Vinculado
194;SD;88;No;No;177.8;112;226.5;80;221.8;71;7.9;7.9;1;Vinculado
195;WA;70;No;No;229.3;110;118.2;89;155.0;105;7.9;7.9;1;Vinculado
196;NE;112;Si;No;195.7;123;141.9;124;136.4;72;7.9;7.9;1;Vinculado
197;WV;88;No;No;131.5;99;174.8;128;184.2;83;7.9;7.9;5;Retirado
198;OR;60;No;No;203.7;95;212.6;122;177.1;103;7.9;7.9;3;Vinculado
199;KY;60;No;No;135.4;134;205.9;85;204.0;103;7.9;7.9;1;Vinculado
200;AR;80;No;No;124.3;100;173.0;107;253.2;62;7.9;7.9;1;Vinculado
201;KS;112;No;No;109.0;126;;106;208.3;92;7.9;7.9;1;Vinculado
202;WV;48;No;No;275.2;67;180.2;108;159.0;110;7.9;7.9;1;Vinculado
203;MI;146;No;No;149.3;83;187.1;130;149.8;100;7.9;7.9;7;Retirado
204;LA;53;No;No;145.1;116;233.7;82;208.7;95;7.9;7.9;2;Vinculado
205;CO;157;No;No;196.0;74;213.4;96;196.8;81;7.9;7.9;1;Vinculado
206;ID;118;No;No;140.4;112;187.1;60;207.9;155;7.9;7.9;0;Vinculado
207;NV;94;Si;No;89.5;94;339.9;106;172.9;76;7.9;7.9;1;Retirado
208;FL;116;No;No;192.1;98;312.9;135;130.2;94;7.9;7.9;3;Vinculado
209;MD;79;;No;213.4;107;176.2;82;180.1;125;7.9;7.9;0;
210;ND;88;No;No;161.5;92;173.5;108;206.2;95;7.9;7.9;2;Vinculado
211;WY;91;No;No;34.5;85;192.3;80;256.3;71;7.9;7.9;0;Vinculado
212;OR;100;No;No;152.7;98;212.4;73;264.5;90;7.9;7.9;2;Vinculado
213;NV;116;No;No;110.9;54;213.4;82;186.2;116;7.9;7.9;2;Vinculado
214;OR;99;No;No;256.4;44;214.5;105;233.7;75;7.9;7.9;3;Retirado
215;GA;111;Si;No;177.1;102;249.1;102;153.3;66;8.8;8.8;2;Vinculado
216;NJ;107;No;No;156.3;75;215.3;93;118.2;115;8.8;8.8;1;Vinculado
217;ND;122;No;No;231.2;141;267.8;136;240.3;100;8.8;8.8;1;Retirado
218;DE;95;No;No;145.4;98;334.1;109;209.8;72;8.8;8.8;1;Vinculado
219;OK;149;Si;No;180.9;79;194.9;83;197.8;109;8.8;8.8;3;Vinculado
220;KY;124;No;No;156.9;74;195.8;82;181.0;99;8.8;8.8;1;Vinculado
221;MN;115;No;No;200.2;92;244.9;107;190.9;96;8.8;8.8;1;Vinculado
222;ME;79;No;No;213.6;110;234.9;121;229.6;157;8.8;8.8;2;Vinculado
223;OR;88;No;No;192.6;96;184.0;92;173.6;113;8.8;8.8;2;Vinculado
224;FL;106;No;No;159.6;94;276.8;118;223.5;65;8.8;8.8;0;Vinculado
225;SC;93;No;No;190.2;68;262.2;64;130.0;92;8.8;8.8;0;Vinculado
226;MA;116;No;No;119.0;94;144.3;110;199.7;65;8.8;8.8;2;Vinculado
227;MO;42;No;No;184.5;98;200.5;93;279.2;91;8.8;8.8;2;Vinculado
228;OK;71;No;No;123.8;130;226.5;91;213.9;96;8.8;8.8;2;Vinculado
229;HI;106;No;No;147.9;97;209.3;99;162.1;80;8.8;8.8;2;Vinculado
230;OH;127;No;No;139.6;94;240.9;112;127.1;88;8.8;8.8;2;Vinculado
231;HI;99;No;No;135.7;107;208.4;103;209.0;95;8.8;8.8;7;Retirado
232;CO;159;Si;No;257.1;53;312.2;127;183.0;82;8.8;8.8;1;Retirado
233;NM;174;No;No;239.2;72;188.5;124;105.6;116;8.8;8.8;1;Vinculado
234;CO;88;No;No;61.9;78;262.6;114;212.5;110;8.8;8.8;3;Vinculado
235;MI;101;No;No;190.7;72;208.6;103;203.8;111;8.8;8.8;1;Vinculado
236;WA;121;No;No;255.1;93;266.9;97;197.7;118;8.8;8.8;3;Retirado
237;MA;132;;No;117.6;66;214.0;108;239.5;94;8.8;8.8;1;
238;MI;137;No;No;206.4;122;128.0;102;194.5;84;8.8;8.8;2;Vinculado
239;KY;80;No;No;209.9;74;195.1;77;208.2;119;8.8;8.8;2;Vinculado
240;RI;134;No;No;141.7;95;205.6;101;218.5;60;8.8;8.8;0;Vinculado
241;ME;116;No;No;229.3;93;184.5;111;168.2;91;8.8;8.8;2;Vinculado
242;NM;138;No;No;63.7;114;212.2;132;247.6;114;8.8;8.8;0;Vinculado
243;AZ;97;No;No;252.6;89;340.3;91;256.5;67;8.8;8.8;1;Retirado
244;OH;142;Si;No;160.6;101;202.0;125;221.7;100;8.8;8.8;1;Retirado
245;MT;125;No;No;143.2;80;88.1;94;233.2;135;8.8;8.8;4;Retirado
246;VA;82;No;No;172.4;112;131.7;89;182.8;78;8.8;8.8;1;Vinculado
247;DE;97;No;No;225.1;90;279.5;127;233.8;103;8.8;8.8;0;Retirado
248;HI;17;No;No;168.5;102;297.2;130;244.7;117;8.8;8.8;3;Vinculado
249;OK;149;No;No;187.6;83;201.4;81;264.2;79;8.8;8.8;1;Vinculado
250;WY;225;No;No;182.7;142;246.5;63;218.0;103;8.8;8.8;1;Vinculado
251;VT;155;No;No;223.8;109;233.4;68;201.6;111;8.8;8.8;1;Vinculado
252;DC;96;No;No;217.8;120;139.6;109;227.7;111;11.6;11.6;0;Vinculado
253;IN;108;No;No;201.1;101;170.7;86;237.4;113;11.6;11.6;3;Vinculado
254;AL;136;No;No;109.4;91;207.5;111;135.0;107;11.6;11.6;0;Vinculado
255;MO;74;No;No;172.1;105;211.7;99;182.2;105;11.6;11.6;1;Vinculado
256;WV;139;No;No;271.6;130;156.0;131;136.3;108;11.6;11.6;2;Vinculado
257;MS;193;No;No;170.9;124;132.3;95;112.9;89;11.6;11.6;1;Vinculado
258;DC;144;No;No;133.3;101;255.5;127;228.6;68;11.6;11.6;0;Vinculado
259;WV;159;No;No;169.8;114;197.7;105;193.7;82;11.6;11.6;1;Vinculado
260;MT;96;No;No;97.6;98;105.5;118;220.2;105;11.6;11.6;1;Vinculado
261;MN;82;No;No;194.7;105;210.9;100;236.9;143;11.6;11.6;3;Vinculado
262;FL;144;No;No;278.5;95;240.7;90;120.0;90;11.6;11.6;1;Retirado
263;MA;152;No;No;216.7;70;152.7;102;181.2;99;11.6;11.6;1;Vinculado
264;KY;129;No;No;207.7;75;191.3;116;226.7;98;11.6;11.6;2;Vinculado
265;NY;76;;No;223.0;109;218.7;97;138.6;126;11.6;11.6;2;
266;NJ;125;No;No;182.3;64;139.8;121;171.6;96;11.6;11.6;2;Vinculado
267;AZ;138;No;No;240.8;104;144.5;92;125.7;98;11.6;11.6;0;Vinculado
268;PA;140;No;No;220.1;100;182.2;112;250.3;98;11.6;11.6;1;Vinculado
269;MT;21;No;No;254.3;87;215.5;95;236.3;98;11.6;11.6;1;Retirado
270;TX;50;No;No;188.9;94;203.9;104;151.8;124;11.6;11.6;3;Vinculado
271;LA;99;No;No;241.1;72;155.6;98;188.2;109;11.6;11.6;1;Vinculado
272;AL;125;No;No;169.3;90;156.0;138;210.8;106;11.6;11.6;2;Vinculado
273;DC;69;No;No;111.7;86;187.5;68;194.8;128;11.6;11.6;2;Vinculado
274;VT;101;No;No;153.8;89;234.0;89;196.3;77;11.6;11.6;4;Vinculado
275;MI;53;No;No;57.5;95;265.5;131;244.3;128;11.6;11.6;3;Vinculado
276;MA;158;No;No;214.7;112;262.9;115;228.9;68;11.6;11.6;1;Vinculado
277;MI;105;No;No;226.9;106;182.2;77;203.9;107;11.6;11.6;0;Retirado
278;KS;124;No;No;94.8;102;238.9;91;279.4;94;11.6;11.6;2;Vinculado
279;PA;101;Si;No;193.7;108;186.6;98;223.0;100;11.6;11.6;0;Vinculado
280;CA;86;No;No;234.6;102;268.3;109;195.6;102;11.6;11.6;1;Retirado
281;GA;130;No;No;211.4;91;191.0;62;207.3;109;11.6;11.6;1;Vinculado
282;ND;94;No;No;154.8;113;261.8;121;213.0;81;11.6;11.6;0;Vinculado
283;GA;131;No;No;197.0;79;201.0;114;151.2;111;11.6;11.6;1;Vinculado
284;VA;153;No;No;195.4;107;154.6;96;142.8;97;11.6;11.6;1;Vinculado
285;TN;25;No;No;114.4;114;;97;238.4;121;11.6;11.6;3;Vinculado
286;ME;88;No;No;85.7;112;221.6;70;190.6;75;11.6;11.6;4;Retirado
287;CA;111;No;No;249.8;109;242.4;106;231.8;78;11.6;11.6;0;Retirado
288;UT;162;No;No;184.5;118;224.0;95;180.5;82;11.6;11.6;1;Vinculado
289;MI;102;No;No;167.1;80;222.9;94;179.9;103;11.6;11.6;5;Vinculado
290;WV;112;No;No;261.4;108;154.5;102;130.9;90;11.6;11.6;1;Vinculado
291;WY;70;No;No;175.4;130;159.5;130;260.6;96;11.6;11.6;0;Vinculado
292;AL;171;No;No;221.5;103;109.5;58;134.6;115;11.6;11.6;1;Vinculado
293;IL;138;;No;268.4;81;174.4;115;193.5;96;11.6;11.6;1;
294;ME;124;No;No;151.6;119;198.1;93;173.4;91;11.6;11.6;3;Vinculado
295;HI;166;No;No;181.4;108;253.8;54;112.3;94;11.6;11.6;1;Vinculado
296;ME;146;No;No;174.3;113;200.7;107;281.2;145;11.6;11.6;4;Vinculado
297;IL;179;No;No;116.1;101;201.8;99;181.9;103;11.6;11.6;0;Vinculado
298;TN;69;No;No;195.3;70;216.7;108;259.9;119;12.5;12.5;3;Vinculado
299;KS;123;No;No;140.0;106;153.7;101;50.1;87;12.5;12.5;2;Vinculado
300;SD;67;No;No;284.5;104;88.6;71;171.4;93;12.5;12.5;1;Vinculado
301;WV;90;No;No;205.7;138;161.9;83;269.7;104;12.5;12.5;2;Vinculado
302;MT;100;No;No;96.5;86;210.2;133;146.4;106;12.5;12.5;1;Retirado
303;NJ;100;No;No;203.8;122;283.1;76;197.3;83;12.5;12.5;0;Vinculado
304;ME;177;No;No;232.8;106;175.2;97;212.2;77;12.5;12.5;2;Vinculado
305;ND;118;No;No;224.6;94;225.9;120;269.0;105;12.5;12.5;2;Vinculado
306;NV;22;No;No;160.4;108;218.1;88;192.9;115;12.5;12.5;1;Vinculado
307;AK;86;No;No;150.8;85;295.9;88;247.2;104;12.5;12.5;1;Vinculado
308;KY;64;Si;No;146.7;83;148.3;91;238.6;69;12.5;12.5;3;Vinculado
309;VA;34;No;No;210.4;75;205.1;108;230.5;129;12.5;12.5;1;Vinculado
310;ME;163;No;No;122.4;129;113.4;108;180.2;97;12.5;12.5;1;Vinculado
311;SC;78;No;No;168.3;110;221.2;73;241.0;136;12.5;12.5;1;Vinculado
312;KY;95;No;No;135.0;99;183.6;106;245.3;102;12.5;12.5;1;Vinculado
313;OH;98;No;No;165.0;129;202.6;113;172.3;94;12.5;12.5;1;Retirado
314;MD;103;Si;No;133.2;90;236.8;70;214.1;120;12.5;12.5;1;Retirado
315;DC;118;No;No;183.1;128;241.0;93;211.1;108;12.5;12.5;0;Vinculado
316;WV;44;No;No;213.2;85;224.0;128;137.8;74;12.5;12.5;1;Vinculado
317;WY;126;Si;No;197.6;126;246.5;112;285.3;104;12.5;12.5;2;Vinculado
318;AL;85;No;No;127.9;107;271.2;124;202.2;76;12.5;12.5;0;Vinculado
319;VA;102;No;No;62.5;68;222.2;114;142.4;96;12.5;12.5;1;Vinculado
320;NJ;135;No;No;191.7;125;284.2;100;211.7;87;12.5;12.5;0;Vinculado
321;MI;30;;No;227.4;88;182.5;100;191.7;134;12.5;12.5;0;Vinculado
322;IA;76;No;No;198.3;130;217.1;86;188.4;96;12.5;12.5;0;Vinculado
323;WI;62;No;No;86.3;84;238.7;99;238.4;79;12.5;12.5;2;Vinculado
324;FL;153;No;No;228.9;102;160.7;136;203.1;109;12.5;12.5;0;Vinculado
325;MT;171;No;No;171.9;99;249.2;95;174.9;81;12.5;12.5;1;Vinculado
326;ND;124;No;No;150.3;101;255.9;112;136.7;62;12.5;12.5;2;Vinculado
327;MO;174;No;No;235.5;108;142.3;143;316.7;131;12.5;12.5;0;Vinculado
328;KY;91;Si;No;145.0;89;175.8;102;223.7;151;16.7;16.7;2;Retirado
329;NC;110;No;No;159.5;145;202.3;101;256.0;96;16.7;16.7;2;Vinculado
330;KY;110;No;No;99.4;62;275.0;86;212.1;94;16.7;16.7;2;Vinculado
331;MD;85;Si;No;216.0;73;188.2;117;147.1;98;3.6;3.6;2;Vinculado
332;CO;108;No;No;215.6;78;195.3;119;194.4;65;3.6;3.6;1;Vinculado
333;NM;72;No;No;190.7;111;241.6;103;278.1;95;4.4;4.4;1;Vinculado
334;MS;65;No;No;136.1;112;272.9;96;220.2;104;4.4;4.4;1;Vinculado
335;MO;90;Si;No;207.1;87;208.5;87;146.0;95;4.4;4.4;2;Vinculado
336;RI;65;No;No;111.0;51;219.8;84;202.0;89;4.4;4.4;1;Vinculado
337;MA;56;No;No;253.2;95;188.0;116;142.0;133;4.4;4.4;1;Vinculado
338;NM;136;No;No;276.3;94;226.0;125;221.4;87;7.2;7.2;1;Retirado
339;MO;87;No;No;129.5;104;194.0;133;287.9;65;7.2;7.2;2;Vinculado
340;AK;115;No;No;245.2;105;159.0;109;229.9;74;7.2;7.2;0;Vinculado
341;WY;69;No;No;211.7;94;236.1;124;252.7;90;7.2;7.2;4;Vinculado
342;VT;101;No;No;0.0;0;192.1;119;168.8;95;7.2;7.2;1;Vinculado
343;OH;169;No;No;147.2;115;161.9;123;142.1;103;7.2;7.2;3;Vinculado
344;ME;174;No;No;190.3;98;252.7;70;220.6;97;7.2;7.2;2;Vinculado
345;OR;166;No;No;199.6;93;214.3;99;196.8;110;7.2;7.2;3;Vinculado
346;NV;134;No;No;107.0;146;220.0;116;149.8;108;7.2;7.2;2;Vinculado
347;FL;130;No;No;162.8;113;290.3;111;114.9;140;7.2;7.2;1;Vinculado
348;MD;88;Si;No;235.1;98;251.8;79;285.9;76;7.2;7.2;4;Retirado
349;MN;134;;No;244.1;99;246.9;111;200.0;133;7.2;7.2;0;Vinculado
350;IN;48;No;No;300.4;94;133.2;103;197.4;94;7.2;7.2;2;Vinculado
351;ID;106;No;No;160.8;73;170.4;112;249.2;131;7.2;7.2;1;Vinculado
352;TX;115;No;No;211.1;112;227.8;113;179.6;110;7.2;7.2;0;Vinculado
353;TN;80;Si;No;276.5;122;195.6;79;210.3;78;7.2;7.2;1;Retirado
354;AZ;67;No;No;210.7;116;219.2;86;179.7;83;7.2;7.2;1;Vinculado
355;OH;84;No;No;159.5;125;247.1;90;187.9;82;7.2;7.2;2;Vinculado
356;NY;94;Si;No;243.2;109;147.0;88;94.9;99;7.2;7.2;4;Vinculado
357;DC;29;No;No;182.1;92;180.4;91;206.4;128;7.2;7.2;2;Vinculado
358;VA;141;No;No;260.2;131;179.2;120;135.0;119;7.2;7.2;3;Vinculado
359;VT;75;No;No;209.4;133;211.5;121;291.2;123;7.2;7.2;1;Vinculado
360;KS;101;No;No;231.3;87;224.7;88;214.6;69;7.2;7.2;1;Vinculado
361;CT;89;No;No;82.3;77;167.2;80;194.7;70;7.2;7.2;1;Vinculado
362;TX;104;No;No;304.0;141;264.1;127;138.1;104;7.2;7.2;0;Retirado
363;NJ;94;No;No;145.4;92;172.8;103;183.9;43;9.3;9.3;2;Vinculado
364;GA;77;No;No;134.5;119;119.7;104;250.7;112;9.3;9.3;0;Vinculado
365;AK;120;No;No;178.4;97;168.3;113;120.5;93;9.3;9.3;1;Vinculado
366;OH;78;No;No;193.4;99;116.9;88;243.3;109;9.3;9.3;2;Vinculado
367;LA;109;No;No;123.0;111;237.2;103;258.8;91;9.3;9.3;1;Vinculado
368;OR;122;No;No;152.0;86;162.8;61;161.9;98;9.3;9.3;1;Vinculado
369;AK;104;No;No;174.1;97;;104;182.7;158;9.3;9.3;3;Vinculado
370;TX;65;No;No;143.6;98;187.7;96;200.2;104;9.3;9.3;3;Retirado
371;MA;160;No;No;166.8;109;236.0;117;307.6;77;9.3;9.3;1;Vinculado
372;TX;217;No;No;176.4;115;158.8;128;306.6;107;9.3;9.3;4;Vinculado
373;WI;165;No;No;156.0;88;276.1;81;175.9;94;9.3;9.3;1;Vinculado
374;NY;40;No;No;115.7;105;127.8;113;107.5;91;9.3;9.3;1;Vinculado
375;MI;76;No;No;90.5;142;211.7;75;194.9;76;9.3;9.3;1;Vinculado
376;AZ;60;No;No;98.2;88;180.5;69;223.6;69;9.3;9.3;2;Vinculado
377;WY;43;;No;251.5;105;212.8;104;157.8;67;9.3;9.3;0;Vinculado
378;VT;120;No;No;221.3;106;267.6;98;111.5;80;9.3;9.3;0;Vinculado
379;AR;115;No;No;139.3;89;192.3;95;151.0;75;9.3;9.3;7;Retirado
380;TN;161;No;No;198.0;90;186.4;102;219.2;90;9.3;9.3;1;Vinculado
381;CA;19;No;No;146.8;99;190.5;101;146.1;68;9.3;9.3;0;Vinculado
382;ID;72;Si;No;101.0;110;240.0;70;333.5;105;11.1;11.1;0;Vinculado
383;GA;120;No;No;98.2;99;186.7;85;146.7;96;9.3;9.3;2;Vinculado
384;MT;108;No;No;108.6;128;325.2;97;173.6;67;9.3;9.3;0;Vinculado
385;MN;55;No;No;175.6;147;161.8;118;289.5;55;9.3;9.3;0;Vinculado
386;OH;145;No;No;185.9;106;209.7;112;224.7;87;9.3;9.3;2;Vinculado
387;OH;82;No;No;207.2;114;163.7;97;192.8;79;9.3;9.3;7;Vinculado
388;ME;78;No;No;211.4;105;249.9;77;199.6;129;9.3;9.3;2;Vinculado
389;AL;91;No;No;271.9;106;231.9;116;247.0;110;9.3;9.3;1;Retirado
390;KY;58;No;No;247.2;116;303.7;103;105.4;94;9.3;9.3;2;Retirado
391;CT;161;No;No;151.2;89;228.4;117;169.3;107;9.3;9.3;2;Vinculado
392;CT;87;No;No;240.0;83;134.1;106;189.1;84;9.3;9.3;0;Retirado
393;WV;107;No;No;123.1;100;158.4;82;256.1;82;9.3;9.3;0;Vinculado
394;TX;28;No;No;159.7;79;216.7;131;206.7;116;9.3;9.3;2;Vinculado
395;NC;190;No;No;182.2;101;212.3;95;233.0;123;9.3;9.3;2;Vinculado
396;FL;22;No;No;181.8;108;198.6;148;206.6;96;9.3;9.3;2;Vinculado
397;DE;108;No;No;169.6;99;264.1;87;206.3;78;9.3;9.3;0;Vinculado
398;MT;80;No;No;198.1;160;156.7;87;182.1;76;9.3;9.3;3;Vinculado
399;WA;29;No;No;157.4;122;145.0;75;281.8;92;9.3;9.3;1;Vinculado
400;AK;127;No;No;182.3;124;169.9;110;184.0;116;9.3;9.3;1;Vinculado
401;WI;92;Si;No;264.3;91;160.9;115;198.6;73;9.3;9.3;0;Vinculado
402;UT;96;No;No;160.2;117;267.5;67;228.5;68;9.3;9.3;2;Vinculado
403;OR;69;No;No;243.3;101;109.2;99;176.9;138;9.3;9.3;0;Vinculado
404;KS;92;No;No;325.4;73;127.8;100;209.9;98;9.3;9.3;1;Retirado
405;AK;130;;No;242.5;101;102.8;114;142.4;89;9.3;9.3;2;Vinculado
406;KS;85;No;No;164.0;111;229.4;108;220.7;105;9.3;9.3;1;Vinculado
407;NH;111;No;No;197.1;117;227.8;128;214.0;101;9.3;9.3;0;Vinculado
408;NM;127;Si;No;256.5;87;222.1;101;156.7;122;13.0;13.0;1;Vinculado
409;MD;86;No;No;226.3;88;223.0;107;255.6;92;13.0;13.0;4;Vinculado
410;WV;21;No;No;91.9;109;198.4;111;171.7;125;13.0;13.0;2;Vinculado
411;DC;63;No;No;83.0;64;177.0;106;245.7;89;13.0;13.0;0;Vinculado
412;WY;139;No;No;192.8;104;234.4;96;203.2;101;13.0;13.0;3;Vinculado
413;HI;105;No;No;227.4;121;268.5;89;143.3;82;13.0;13.0;1;Vinculado
414;MT;73;No;No;160.1;110;213.3;72;174.1;72;13.0;13.0;0;Vinculado
415;TX;79;No;No;144.0;90;135.8;91;212.4;129;13.0;13.0;1;Vinculado
416;UT;83;No;No;208.9;71;214.8;92;247.9;108;13.0;13.0;1;Vinculado
417;TX;126;No;No;190.9;143;149.7;72;191.4;87;13.0;13.0;1;Vinculado
418;CT;90;No;No;175.9;111;285.2;115;150.8;122;13.0;13.0;1;Vinculado
419;NJ;85;No;No;232.1;130;150.7;75;253.9;77;13.0;13.0;0;Vinculado
420;VA;103;No;No;167.8;121;212.9;123;208.2;73;13.0;13.0;5;Vinculado
421;CA;136;No;No;132.4;110;254.1;81;176.5;100;13.0;13.0;2;Vinculado
422;MT;143;No;No;172.3;97;174.0;108;188.2;119;13.0;13.0;2;Vinculado
423;NJ;97;No;No;259.6;138;233.9;91;140.6;119;13.0;13.0;1;Vinculado
424;CT;94;No;No;206.1;49;224.6;115;256.7;74;13.0;13.0;1;Vinculado
425;ME;119;No;No;73.7;66;160.5;132;214.2;67;13.0;13.0;3;Vinculado
426;KY;104;No;No;130.5;77;131.2;117;264.7;63;13.0;13.0;0;Vinculado
427;IL;87;No;No;231.3;105;171.7;108;67.7;136;13.0;13.0;1;Vinculado
428;KS;132;No;No;190.1;105;182.2;116;279.8;105;13.0;13.0;1;Vinculado
429;TX;73;No;No;224.4;90;159.5;88;192.8;74;13.0;13.0;1;Vinculado
430;PA;104;No;No;186.8;102;176.3;114;222.2;84;13.0;13.0;0;Vinculado
431;SD;158;No;No;98.2;87;198.3;71;246.0;99;13.0;13.0;2;Vinculado
432;OR;33;Si;No;190.6;100;161.7;104;189.9;136;13.0;13.0;1;Vinculado
433;DE;97;;No;169.2;91;224.6;122;108.0;115;13.0;13.0;1;Vinculado
434;KY;98;No;No;189.8;113;271.5;111;218.9;96;13.0;13.0;1;Vinculado
435;MO;160;No;No;171.2;103;243.5;121;178.2;92;13.0;13.0;2;Vinculado
436;SD;87;Si;No;207.8;113;182.2;129;163.4;98;13.0;13.0;1;Vinculado
437;ND;51;No;No;227.2;89;194.4;106;243.4;126;14.9;14.9;0;Vinculado
438;OH;96;No;No;106.6;128;284.8;87;178.9;92;14.9;14.9;1;Vinculado
439;MO;58;No;No;149.4;145;196.5;105;209.5;108;14.9;14.9;1;Vinculado
440;ND;118;No;No;77.6;113;126.9;75;191.0;79;14.9;14.9;1;Vinculado
441;WY;113;No;No;158.4;107;142.2;104;174.7;108;14.9;14.9;0;Vinculado
442;NY;68;No;No;267.9;80;145.4;143;273.3;119;14.9;14.9;3;Retirado
443;AK;71;No;No;185.0;84;232.5;129;191.1;82;14.9;14.9;3;Vinculado
444;AZ;70;No;No;104.7;112;82.2;104;169.4;110;15.8;15.8;3;Vinculado
445;RI;99;No;No;217.2;112;246.7;89;226.1;89;15.8;15.8;3;Vinculado
446;NM;116;No;No;179.0;81;200.0;116;168.6;74;15.8;15.8;1;Vinculado
447;AL;102;No;No;224.7;81;129.4;112;167.6;109;15.8;15.8;1;Vinculado
448;WY;131;No;No;110.9;74;115.6;90;190.5;114;15.8;15.8;1;Vinculado
449;OH;83;No;No;337.4;120;227.4;116;153.9;114;15.8;15.8;0;Retirado
450;ID;103;No;No;174.7;151;148.0;56;168.2;109;15.8;15.8;6;Retirado
451;AK;132;No;No;181.1;121;314.4;109;246.7;81;4.2;4.2;2;Vinculado
452;MA;97;No;No;217.6;81;320.5;51;150.7;110;4.2;4.2;0;Vinculado
453;MA;87;No;No;186.9;79;182.6;105;143.1;90;4.2;4.2;1;Vinculado
454;OH;65;No;No;245.7;139;241.9;113;285.3;117;4.2;4.2;4;Retirado
455;IL;119;No;No;197.2;111;168.1;78;209.8;84;4.2;4.2;1;Vinculado
456;ND;98;No;No;187.2;127;195.6;88;181.8;129;5.1;5.1;1;Vinculado
457;DC;126;No;No;161.4;110;220.6;125;249.2;78;5.1;5.1;0;Vinculado
458;UT;195;No;No;63.2;108;220.2;88;184.0;99;5.1;5.1;0;Vinculado
459;UT;100;No;No;185.0;122;182.5;92;274.9;92;5.1;5.1;1;Vinculado
460;IL;48;No;No;198.2;73;202.8;115;146.4;73;5.1;5.1;1;Vinculado
461;NH;146;;No;115.6;77;213.6;100;218.4;72;10.7;10.7;1;Vinculado
462;NE;127;No;No;135.5;110;146.0;116;208.0;88;10.7;10.7;2;Vinculado
463;ME;70;No;No;169.1;48;219.8;62;193.5;105;10.7;10.7;3;Vinculado
464;NY;209;No;No;153.7;105;188.6;87;200.8;95;10.7;10.7;0;Vinculado
465;NH;138;No;No;157.5;96;271.7;107;138.2;84;10.7;10.7;2;Vinculado
466;KS;137;No;No;230.2;113;220.4;79;204.7;111;10.7;10.7;4;Vinculado
467;WV;21;No;No;91.9;109;198.4;111;171.7;125;13.0;13.0;2;Vinculado
468;PA;53;No;No;205.1;86;160.5;95;149.5;142;10.7;10.7;3;Vinculado
469;ND;90;No;No;169.4;127;157.2;111;172.4;103;10.7;10.7;1;Vinculado
469;ND;90;No;No;169.4;127;157.2;111;172.4;103;10.7;10.7;1;Vinculado
471;MT;16;No;No;153.2;65;229.7;90;148.2;94;10.7;10.7;1;Vinculado
472;TX;73;No;No;286.4;109;178.2;67;214.2;152;10.7;10.7;1;Retirado
473;NC;92;No;No;192.1;87;193.0;122;133.4;79;10.7;10.7;1;Vinculado
474;IL;131;No;No;263.4;123;151.9;74;218.5;101;10.7;10.7;2;Vinculado
475;WA;65;No;No;183.4;63;183.6;80;153.5;83;10.7;10.7;4;Retirado
476;TX;208;No;No;326.5;67;176.3;113;181.7;102;10.7;10.7;2;Retirado
477;WV;112;Si;No;161.9;138;200.9;114;134.0;134;10.7;10.7;1;Vinculado
478;MT;106;No;No;169.4;107;197.2;71;202.2;79;10.7;10.7;1;Vinculado
479;NM;29;No;No;262.0;112;82.7;60;195.1;120;10.7;10.7;1;Vinculado
480;WV;121;No;No;103.3;110;129.1;82;167.1;113;10.7;10.7;0;Vinculado
481;MN;132;No;No;121.5;88;253.0;124;195.7;120;10.7;10.7;1;Vinculado
482;UT;93;No;No;174.1;127;176.8;73;240.0;111;10.7;10.7;0;Vinculado
483;CA;73;No;No;137.6;113;179.7;75;172.8;71;10.7;10.7;1;Retirado
484;PA;69;No;No;228.2;70;263.7;80;142.6;60;10.7;10.7;3;Vinculado
485;KS;43;No;No;27.0;117;160.9;97;279.5;96;10.7;10.7;3;Vinculado
486;OR;103;No;No;185.8;118;86.8;84;208.4;115;10.7;10.7;1;Vinculado
487;AR;74;No;No;201.4;112;109.6;71;200.2;135;10.7;10.7;1;Vinculado
488;RI;75;No;No;122.8;89;211.3;104;261.4;91;10.7;10.7;2;Vinculado
489;VT;80;;No;160.6;103;237.0;109;245.1;88;10.7;10.7;1;Vinculado
490;NY;131;No;No;264.2;118;180.0;89;223.9;104;10.7;10.7;2;Vinculado
491;NM;104;No;No;164.2;109;155.4;90;168.9;117;10.7;10.7;1;Vinculado
492;OR;149;No;No;114.5;103;228.8;100;135.8;74;10.7;10.7;0;Vinculado
493;RI;87;Si;No;134.2;80;165.0;71;173.1;102;10.7;10.7;0;Vinculado
494;WY;215;No;No;83.6;148;120.9;91;226.6;110;10.7;10.7;0;Vinculado
495;VA;44;No;No;204.6;117;205.2;94;164.6;84;10.7;10.7;0;Vinculado
496;NV;113;No;No;245.3;108;259.9;140;204.3;115;10.7;10.7;3;Retirado
497;KY;122;No;No;128.9;136;244.4;133;148.7;133;10.7;10.7;0;Vinculado
498;MS;140;No;No;265.0;100;147.6;89;247.7;94;10.7;10.7;1;Vinculado
499;MD;136;No;No;252.4;74;167.9;81;248.3;110;10.7;10.7;2;Vinculado
499;MD;136;No;No;252.4;74;167.9;81;248.3;110;10.7;10.7;2;Vinculado
501;UT;140;No;No;160.5;123;185.9;110;150.4;94;10.7;10.7;1;Vinculado
502;MO;167;Si;No;244.8;91;60.8;105;176.7;110;10.7;10.7;2;Vinculado
503;MO;126;No;No;150.8;105;157.1;85;210.0;102;10.7;10.7;0;Vinculado
504;HI;101;No;No;93.8;127;150.0;104;241.1;116;10.7;10.7;1;Vinculado
505;CO;63;No;No;211.8;84;230.9;137;217.1;99;10.7;10.7;3;Vinculado
506;SD;64;No;No;174.5;98;180.2;103;179.0;89;10.7;10.7;2;Vinculado
507;PA;106;Si;No;133.7;45;187.8;107;181.9;89;10.7;10.7;1;Retirado
508;WV;111;No;No;171.5;108;204.4;106;238.8;90;10.7;10.7;3;Vinculado
509;NC;43;No;No;165.8;96;;105;323.2;62;10.7;10.7;0;Vinculado
510;MI;143;No;No;191.6;53;104.6;104;195.8;125;10.7;10.7;3;Vinculado
511;ME;25;No;No;242.6;69;209.0;117;219.7;82;14.4;14.4;2;Vinculado
512;AZ;158;No;No;205.2;97;240.6;77;79.7;108;14.4;14.4;0;Vinculado
513;MS;76;No;No;193.0;82;200.8;109;135.9;79;14.4;14.4;0;Vinculado
514;MS;38;No;No;117.3;114;208.7;105;203.4;98;14.4;14.4;2;Vinculado
515;FL;113;No;No;92.6;85;177.6;92;159.8;72;14.4;14.4;3;Vinculado
516;NH;97;No;No;87.1;110;202.1;110;137.9;89;14.4;14.4;2;Vinculado
517;WY;141;;No;301.4;87;269.2;111;148.6;95;14.4;14.4;0;Retirado
518;NC;126;No;No;103.7;93;127.0;107;329.3;66;14.4;14.4;0;Vinculado
519;NJ;106;No;No;207.9;91;172.0;109;191.8;143;14.4;14.4;4;Vinculado
520;WY;58;No;No;210.1;126;248.9;108;158.6;88;14.4;14.4;4;Vinculado
521;OK;154;Si;No;145.9;69;208.2;141;180.9;106;14.4;14.4;0;Retirado
522;MD;172;No;No;287.1;108;178.4;125;153.2;98;14.4;14.4;3;Retirado
523;OK;88;Si;No;132.9;132;208.2;82;260.5;42;14.4;14.4;2;Retirado
524;VT;125;No;No;126.7;113;155.5;131;206.2;112;14.4;14.4;2;Vinculado
525;CT;107;No;No;103.4;94;189.3;125;227.2;125;14.4;14.4;1;Vinculado
526;VT;217;No;No;99.7;74;183.1;97;220.3;73;14.4;14.4;0;Vinculado
527;KS;128;No;No;268.1;95;120.5;126;220.8;121;14.4;14.4;2;Vinculado
528;WY;104;No;No;138.7;100;215.4;58;164.3;98;4.9;4.9;2;Vinculado
529;AZ;116;Si;No;191.7;97;176.2;127;103.9;96;4.9;4.9;2;Vinculado
530;MT;113;No;No;215.9;93;240.1;85;156.7;123;4.9;4.9;3;Vinculado
531;WV;67;No;No;152.5;131;252.4;107;185.4;104;4.9;4.9;2;Vinculado
532;SC;78;No;No;109.5;105;286.1;90;247.6;113;4.9;4.9;1;Vinculado
533;IA;129;No;No;216.0;85;186.9;114;210.7;109;4.9;4.9;2;Vinculado
534;OK;35;No;No;179.2;59;283.3;101;285.4;83;5.8;5.8;2;Vinculado
535;AK;76;No;No;143.7;55;173.1;108;239.1;95;5.8;5.8;1;Vinculado
536;MD;101;No;No;155.4;71;84.0;122;229.1;97;5.8;5.8;1;Vinculado
537;MT;146;No;No;214.8;86;230.9;94;223.8;100;5.8;5.8;3;Vinculado
538;ND;35;No;No;260.8;87;258.1;78;131.3;123;5.8;5.8;1;Vinculado
539;VA;88;No;No;294.3;83;172.1;104;177.3;105;5.8;5.8;2;Retirado
540;MN;96;Si;No;188.8;119;216.9;100;208.5;116;5.8;5.8;3;Vinculado
541;DC;73;No;No;122.0;92;138.3;114;224.2;128;5.8;5.8;1;Vinculado
542;CT;30;No;No;137.6;108;162.0;80;187.7;126;5.8;5.8;3;Vinculado
543;ID;67;No;No;234.3;111;206.4;87;157.3;101;5.8;5.8;3;Vinculado
544;AK;121;No;No;162.4;87;285.2;104;117.4;125;5.8;5.8;2;Vinculado
545;WY;151;;No;235.9;104;80.6;91;212.8;116;5.8;5.8;3;Vinculado
546;NV;42;No;No;303.9;106;232.2;54;147.1;76;5.8;5.8;1;Retirado
547;NJ;80;No;No;268.7;120;301.0;147;167.0;140;5.8;5.8;2;Retirado
548;FL;105;No;No;273.8;97;289.7;106;269.1;126;5.8;5.8;2;Retirado
549;WV;67;No;No;167.8;91;167.7;69;110.3;71;8.4;8.4;1;Vinculado
550;VA;170;Si;No;259.9;68;245.0;122;134.4;121;8.4;8.4;3;Vinculado
551;AR;33;No;No;251.9;81;194.6;96;211.2;87;8.4;8.4;2;Vinculado
552;MO;15;No;No;135.2;101;152.5;79;224.8;83;8.4;8.4;2;Vinculado
553;WI;69;Si;No;279.8;90;248.7;91;171.0;118;8.4;8.4;2;Retirado
554;WI;103;No;No;180.2;134;97.7;85;181.7;134;8.4;8.4;1;Vinculado
555;DE;155;No;No;250.5;89;146.1;84;164.2;60;8.4;8.4;1;Vinculado
556;LA;94;No;No;212.1;98;189.4;89;352.2;95;8.4;8.4;3;Vinculado
557;TN;106;No;No;119.2;142;228.4;139;197.9;61;8.4;8.4;2;Vinculado
557;TN;106;No;No;119.2;142;228.4;139;197.9;61;8.4;8.4;2;Vinculado
559;MA;111;No;No;284.4;89;157.0;113;242.8;91;8.4;8.4;0;Retirado
560;OK;79;No;No;147.0;72;165.7;102;243.2;107;8.4;8.4;1;Vinculado
561;TX;133;No;No;221.1;133;160.2;140;161.8;84;8.4;8.4;4;Vinculado
562;KY;95;No;No;157.3;116;197.5;77;128.2;111;8.4;8.4;2;Vinculado
563;WV;121;No;No;177.2;142;123.5;88;213.2;51;8.4;8.4;1;Vinculado
564;HI;135;No;No;190.9;44;161.4;109;231.9;100;8.4;8.4;1;Vinculado
565;OH;92;No;No;145.9;90;148.1;105;241.3;93;8.4;8.4;2;Vinculado
566;PA;167;Si;No;181.2;122;262.5;77;214.0;88;8.4;8.4;0;Vinculado
567;WY;157;Si;No;180.4;123;194.0;98;227.3;88;8.4;8.4;0;Vinculado
568;CT;93;No;No;271.1;101;237.4;133;145.4;103;8.4;8.4;1;Retirado
569;GA;76;No;No;203.6;61;161.7;127;175.9;97;8.4;8.4;0;Vinculado
570;OR;135;No;No;263.8;66;251.3;116;200.1;112;8.4;8.4;5;Retirado
571;NC;27;No;No;201.2;128;227.2;100;145.8;91;8.4;8.4;2;Vinculado
572;AL;25;No;No;264.9;80;281.2;66;166.1;80;8.4;8.4;1;Retirado
573;OR;25;;No;178.8;90;141.2;72;203.0;99;8.4;8.4;2;Vinculado
574;NH;37;No;No;206.0;89;186.0;88;307.1;86;8.4;8.4;0;Vinculado
575;KY;73;No;No;234.7;102;195.7;110;253.4;71;8.4;8.4;2;Vinculado
576;MO;16;No;No;228.3;80;130.9;75;156.7;98;8.4;8.4;1;Vinculado
577;TN;68;No;No;178.7;61;252.3;84;255.7;76;8.4;8.4;1;Vinculado
578;TX;57;No;No;161.0;113;208.0;134;208.1;81;8.4;8.4;3;Vinculado
579;TX;90;Si;No;221.8;97;203.8;134;215.8;154;8.4;8.4;1;Vinculado
580;ID;99;No;No;159.7;83;155.4;121;255.7;114;8.4;8.4;1;Vinculado
581;TN;140;No;No;125.3;84;167.6;121;260.6;94;8.4;8.4;1;Vinculado
582;VT;46;No;No;196.7;85;205.9;74;216.6;112;11.2;11.2;3;Vinculado
583;RI;155;Si;No;163.1;94;291.7;108;96.4;111;11.2;11.2;0;Vinculado
584;VT;57;No;No;169.6;96;234.7;112;285.4;83;11.2;11.2;0;Vinculado
585;DE;62;No;No;182.3;101;328.2;93;245.0;131;11.2;11.2;2;Vinculado
586;TN;102;No;No;103.1;70;275.0;129;141.1;92;11.2;11.2;1;Vinculado
587;AK;146;Si;No;133.0;65;262.8;93;214.3;128;11.2;11.2;1;Vinculado
588;KY;167;No;No;130.5;66;80.9;102;221.6;116;11.2;11.2;1;Vinculado
589;DC;138;No;No;170.5;87;118.2;116;187.9;111;11.2;11.2;2;Vinculado
590;ID;73;No;No;67.0;76;223.0;154;236.5;151;11.2;11.2;1;Vinculado
591;RI;60;No;No;194.2;107;174.0;107;89.3;83;11.2;11.2;2;Vinculado
592;CO;60;No;No;125.1;99;248.8;62;211.3;79;11.2;11.2;3;Vinculado
593;MN;122;No;No;140.1;120;231.4;128;188.1;127;11.2;11.2;2;Vinculado
594;KY;119;No;No;222.8;122;163.2;107;160.6;112;11.2;11.2;1;Vinculado
595;FL;158;No;No;123.3;115;130.4;91;243.7;119;11.2;11.2;3;Vinculado
596;IA;168;No;No;128.8;96;104.9;71;141.1;128;11.2;11.2;1;Vinculado
597;KY;112;No;No;170.5;113;193.2;129;188.0;91;11.2;11.2;0;Vinculado
598;AZ;106;No;No;273.8;120;149.3;104;193.9;127;11.2;11.2;0;Vinculado
599;AL;91;Si;No;129.9;112;173.3;83;247.2;130;11.2;11.2;3;Vinculado
600;IN;110;No;No;151.8;106;138.0;126;233.5;112;11.2;11.2;3;Vinculado
601;AZ;140;;No;173.2;91;196.8;106;209.3;128;11.2;11.2;3;Vinculado
602;AZ;155;Si;No;176.1;88;244.5;84;189.9;99;11.2;11.2;2;Retirado
603;VT;122;No;No;128.3;89;237.7;62;166.6;128;11.2;11.2;1;Vinculado
604;RI;107;Si;No;194.4;83;247.8;84;245.4;93;11.2;11.2;2;Vinculado
605;OR;72;No;No;141.3;133;134.9;96;227.5;97;11.2;11.2;2;Vinculado
606;VA;139;Si;No;161.5;121;192.9;137;168.3;96;11.2;11.2;0;Vinculado
607;ID;99;No;No;190.4;102;158.1;107;271.5;92;11.2;11.2;2;Vinculado
608;AL;132;No;No;222.4;85;165.4;76;208.4;97;11.2;11.2;0;Vinculado
609;TX;201;No;No;225.9;110;299.1;86;251.3;81;11.2;11.2;1;Retirado
610;NY;148;No;No;208.4;120;174.4;99;310.7;105;11.2;11.2;1;Vinculado
611;CO;90;No;No;207.6;82;193.3;105;149.7;68;11.2;11.2;1;Vinculado
612;MD;126;No;No;184.5;56;197.7;91;242.3;74;11.2;11.2;2;Vinculado
613;IN;57;No;No;189.3;157;174.9;70;221.9;117;11.2;11.2;3;Vinculado
614;MI;133;No;No;165.9;98;161.9;110;208.9;120;11.2;11.2;2;Vinculado
615;AL;111;No;No;176.4;62;201.0;124;150.4;138;11.2;11.2;0;Vinculado
616;AL;100;No;No;160.3;138;221.3;92;150.4;120;11.2;11.2;0;Vinculado
617;AL;85;No;No;210.3;66;195.8;76;221.6;82;11.2;11.2;1;Vinculado
618;SC;40;No;No;309.4;86;271.3;98;197.1;116;11.2;11.2;3;Retirado
619;SC;92;No;No;183.7;103;270.6;97;132.9;104;11.2;11.2;0;Vinculado
620;NY;54;Si;No;236.3;91;152.8;130;160.3;98;11.2;11.2;3;Vinculado
621;UT;66;No;No;192.4;98;187.0;93;132.9;82;11.2;11.2;0;Vinculado
622;SC;78;No;No;131.4;98;189.9;95;147.4;83;11.2;11.2;2;Vinculado
623;TN;90;Si;No;127.2;94;221.1;108;110.7;106;11.2;11.2;2;Vinculado
624;KS;67;No;No;129.0;78;188.0;116;235.0;102;11.2;11.2;2;Vinculado
625;AL;200;No;No;128.2;87;133.2;105;177.6;123;11.2;11.2;1;Vinculado
626;AL;96;Si;No;200.6;117;289.5;120;98.3;95;11.2;11.2;2;Vinculado
627;SD;121;No;No;179.4;70;143.0;93;116.3;113;11.2;11.2;1;Vinculado
628;FL;185;No;No;55.6;97;288.7;83;111.2;110;12.1;12.1;2;Vinculado
629;DE;44;;No;225.6;118;135.4;122;190.1;96;12.1;12.1;1;Vinculado
630;MI;62;No;No;119.3;94;224.0;81;156.7;78;12.1;12.1;5;Retirado
631;CT;162;No;No;49.2;121;143.9;136;203.0;97;12.1;12.1;1;Vinculado
632;AZ;102;No;No;171.6;116;219.4;111;242.1;85;12.1;12.1;0;Retirado
633;CT;97;No;No;215.3;58;242.4;91;279.8;105;12.1;12.1;0;Vinculado
634;ND;104;No;No;118.5;92;177.8;109;255.7;98;12.1;12.1;1;Vinculado
635;IA;21;No;No;138.1;79;186.9;75;194.2;105;12.1;12.1;0;Vinculado
636;TX;48;No;No;198.2;108;181.0;70;238.9;86;12.1;12.1;1;Vinculado
637;AL;98;No;No;161.0;117;190.9;113;227.7;113;12.1;12.1;4;Vinculado
638;DC;100;Si;No;68.5;110;337.1;115;205.2;99;12.1;12.1;0;Vinculado
639;ID;108;No;No;221.8;105;108.2;107;207.1;87;12.1;12.1;2;Vinculado
640;UT;138;No;No;205.9;96;257.1;94;209.0;63;12.1;12.1;0;Vinculado
641;MS;130;No;No;203.9;63;191.8;93;132.5;125;12.1;12.1;3;Vinculado
642;PA;137;No;No;215.9;76;145.4;118;186.9;129;12.1;12.1;1;Vinculado
643;AR;129;No;No;157.0;113;256.9;97;185.5;126;12.1;12.1;2;Vinculado
644;IL;65;No;No;180.3;84;199.9;129;280.1;62;12.1;12.1;3;Vinculado
645;IN;140;No;No;204.7;100;126.8;107;202.8;115;12.1;12.1;2;Vinculado
646;NE;123;No;No;194.0;118;242.0;114;146.3;108;12.1;12.1;1;Vinculado
647;OR;99;No;No;221.0;118;138.8;104;198.6;96;12.1;12.1;0;Vinculado
648;NM;107;No;No;222.3;101;286.0;111;249.4;117;12.1;12.1;1;Retirado
649;WI;70;No;No;7.9;100;136.4;83;156.6;89;12.1;12.1;0;Vinculado
650;MO;140;No;No;201.9;114;181.7;97;184.5;122;12.1;12.1;0;Vinculado
651;NH;80;No;No;213.3;124;189.6;86;193.7;107;12.1;12.1;1;Vinculado
652;KY;80;No;No;220.0;114;207.7;76;168.4;137;12.1;12.1;2;Vinculado
653;DE;12;No;No;206.1;105;246.6;104;254.6;83;12.1;12.1;2;Vinculado
654;WI;119;No;No;226.6;126;143.6;107;94.9;123;12.1;12.1;1;Vinculado
655;OH;134;No;No;202.7;105;224.9;90;253.9;108;12.1;12.1;0;Vinculado
656;DE;139;No;No;139.0;110;132.9;93;272.0;120;12.1;12.1;0;Vinculado
657;GA;122;;No;93.3;109;214.4;104;176.7;104;12.1;12.1;0;Vinculado
658;AZ;59;No;No;150.2;70;185.7;98;212.5;128;12.1;12.1;1;Vinculado
659;UT;89;No;No;144.2;74;164.7;119;279.2;121;12.1;12.1;4;Retirado
660;OH;83;No;No;227.9;78;207.5;115;211.7;100;12.1;12.1;1;Vinculado
661;WV;3;No;No;182.9;87;172.1;103;233.1;89;12.1;12.1;4;Vinculado
662;KY;107;No;No;157.1;79;162.6;124;150.0;138;12.1;12.1;1;Vinculado
663;IL;71;No;No;207.0;112;173.8;96;178.4;61;12.1;12.1;1;Vinculado
664;NH;93;No;No;179.3;93;188.8;65;253.2;88;12.1;12.1;1;Vinculado
665;NY;99;No;No;182.6;83;154.5;111;196.0;57;12.1;12.1;0;Vinculado
666;RI;103;Si;No;255.9;128;140.9;92;308.9;130;12.1;12.1;1;Retirado
667;KS;39;No;No;181.2;71;344.9;108;213.6;145;12.1;12.1;3;Vinculado
668;MT;122;No;No;190.0;125;141.5;77;216.8;68;15.9;15.9;3;Vinculado
669;NE;80;No;No;127.8;67;181.6;112;197.3;63;15.9;15.9;2;Vinculado
670;TN;89;No;No;208.4;112;189.5;116;264.4;101;16.8;16.8;0;Retirado
671;GA;111;No;No;129.1;92;148.9;132;264.0;103;16.8;16.8;2;Vinculado
672;DE;52;No;No;257.9;80;220.7;82;225.4;70;16.8;16.8;2;Retirado
673;UT;180;No;No;253.9;69;184.2;138;174.3;83;0.4;0.4;1;Vinculado
674;ND;62;No;No;159.9;100;172.2;99;263.2;109;5.6;5.6;1;Vinculado
675;NE;139;No;No;211.1;103;206.9;108;193.9;70;5.6;5.6;0;Vinculado
676;WV;50;No;No;131.1;129;160.5;94;206.9;88;5.6;5.6;5;Retirado
677;NY;160;No;No;216.8;77;207.3;117;228.6;117;5.6;5.6;1;Vinculado
678;TX;86;No;No;181.1;124;229.5;105;122.2;91;5.6;5.6;5;Vinculado
679;CT;99;No;No;95.4;105;207.2;101;136.0;117;5.6;5.6;1;Vinculado
680;MS;189;No;No;227.8;124;169.5;112;201.1;91;5.6;5.6;3;Vinculado
681;MO;92;No;No;154.0;122;329.8;88;288.0;117;5.6;5.6;3;Retirado
682;CT;107;No;No;90.7;90;207.5;109;169.4;96;5.6;5.6;2;Vinculado
683;MN;56;No;No;222.9;100;145.2;110;170.6;129;5.6;5.6;1;Vinculado
684;KY;38;No;No;220.5;110;180.8;114;156.5;102;5.6;5.6;1;Vinculado
685;MN;122;;No;126.0;89;147.0;95;280.2;97;5.6;5.6;0;Vinculado
686;IN;63;No;No;6.6;107;359.3;142;252.5;131;5.6;5.6;0;Vinculado
687;WV;133;No;No;176.8;92;187.5;97;196.8;88;6.5;6.5;2;Vinculado
688;IA;63;No;No;153.5;81;287.3;115;230.2;85;6.5;6.5;2;Vinculado
689;MS;110;No;No;178.4;110;179.1;116;228.1;99;6.5;6.5;1;Vinculado
690;MN;113;No;No;158.9;137;242.8;109;247.8;97;6.5;6.5;0;Vinculado
691;WV;172;No;No;211.7;100;198.7;101;301.7;136;6.5;6.5;1;Vinculado
692;VT;97;No;No;112.7;119;217.7;109;152.1;76;6.5;6.5;1;Vinculado
693;DC;169;Si;No;57.1;98;199.7;78;274.7;103;6.5;6.5;3;Vinculado
694;NM;68;No;No;248.6;59;199.1;126;112.5;117;6.5;6.5;2;Vinculado
695;SC;142;No;No;204.2;98;188.9;85;231.2;136;6.5;6.5;1;Vinculado
696;NM;182;No;No;69.1;114;230.3;109;256.7;96;6.5;6.5;0;Vinculado
697;MO;161;No;No;221.7;95;193.0;82;194.1;113;6.5;6.5;3;Vinculado
698;MD;76;No;No;179.1;110;157.2;81;240.0;109;6.5;6.5;0;Vinculado
699;FL;84;No;No;191.0;88;318.8;119;247.3;79;6.5;6.5;0;Vinculado
700;RI;39;No;No;93.3;83;199.6;114;206.2;104;6.5;6.5;0;Vinculado
701;WI;162;No;No;177.1;131;114.7;122;153.6;88;6.5;6.5;3;Vinculado
702;ND;123;No;No;159.1;94;241.6;119;202.4;120;6.5;6.5;1;Vinculado
703;NC;98;No;No;167.0;60;125.1;65;262.5;100;8.9;8.9;1;Vinculado
704;ND;190;No;No;169.4;102;253.5;113;197.1;93;8.9;8.9;1;Vinculado
705;NE;90;No;No;114.4;108;232.8;150;198.1;78;8.9;8.9;0;Vinculado
706;NH;110;No;No;162.0;81;247.5;89;155.5;99;8.9;8.9;0;Vinculado
707;VA;131;No;No;143.1;114;138.1;119;199.4;100;8.9;8.9;3;Vinculado
708;CT;116;No;No;245.9;73;240.1;87;158.7;89;8.9;8.9;3;Vinculado
709;WI;51;No;No;197.8;60;221.0;64;168.6;134;8.9;8.9;1;Vinculado
710;IL;48;No;No;128.2;71;48.1;78;116.3;80;8.9;8.9;0;Vinculado
711;MO;86;No;No;125.5;139;269.8;93;235.8;110;8.9;8.9;1;Vinculado
712;NE;149;No;No;156.0;56;56.0;116;163.3;104;8.9;8.9;0;Vinculado
713;SD;209;;No;227.2;128;258.4;92;183.5;74;8.9;8.9;3;Vinculado
714;NY;65;No;No;195.4;110;181.2;109;178.5;105;8.9;8.9;0;Vinculado
715;LA;155;No;No;203.4;100;190.9;104;196.0;119;8.9;8.9;0;Retirado
716;KS;94;No;No;269.2;104;193.8;144;257.6;61;8.9;8.9;3;Retirado
717;ME;35;No;No;149.3;113;242.2;122;174.3;104;8.9;8.9;2;Vinculado
718;OH;87;No;No;153.3;106;224.5;117;273.4;152;8.9;8.9;2;Vinculado
719;WV;79;No;No;222.3;99;146.2;82;275.6;82;8.9;8.9;3;Vinculado
720;CT;155;No;No;165.4;108;183.7;103;80.2;108;8.9;8.9;3;Vinculado
721;NY;147;No;No;134.6;91;175.1;83;201.1;114;8.9;8.9;0;Vinculado
722;TX;119;No;No;81.9;75;253.8;114;213.1;125;8.9;8.9;2;Retirado
723;MS;70;No;No;148.4;110;267.1;90;151.5;101;8.9;8.9;0;Vinculado
724;NE;56;No;No;121.6;84;165.3;115;243.9;95;8.9;8.9;1;Vinculado
725;AR;95;No;No;69.4;79;190.8;109;219.9;102;8.9;8.9;0;Vinculado
726;CT;134;No;No;177.2;91;228.7;105;194.3;113;8.9;8.9;2;Vinculado
727;IL;108;Si;No;137.3;68;143.8;94;238.7;101;8.9;8.9;1;Retirado
728;NJ;91;No;No;93.5;110;213.3;79;171.7;83;8.9;8.9;4;Retirado
729;ME;105;No;No;212.0;113;226.6;128;193.6;114;8.9;8.9;3;Vinculado
730;WV;84;No;No;86.0;83;260.7;86;98.6;109;8.9;8.9;1;Vinculado
731;UT;4;Si;No;145.3;89;303.8;93;206.1;82;8.9;8.9;0;Vinculado
732;NH;130;No;No;213.1;105;206.2;108;163.4;93;8.9;8.9;0;Vinculado
733;WI;90;No;No;200.9;92;164.3;91;249.0;98;8.9;8.9;1;Vinculado
734;WY;142;No;No;131.7;85;239.6;118;235.1;77;8.9;8.9;1;Vinculado
735;WA;177;No;No;266.1;91;225.2;79;224.7;58;8.9;8.9;3;Retirado
736;RI;63;Si;No;62.9;112;202.9;111;259.0;58;8.9;8.9;1;Vinculado
737;CA;67;No;No;102.8;93;137.8;91;158.9;110;8.9;8.9;1;Vinculado
738;WA;97;No;No;276.1;82;201.1;106;231.3;73;8.9;8.9;0;Retirado
739;IN;68;No;No;249.9;127;254.5;118;273.2;98;8.9;8.9;2;Retirado
740;HI;53;Si;No;145.0;80;228.4;82;169.4;109;8.9;8.9;0;Vinculado
741;MA;123;;No;209.4;49;237.4;117;239.2;98;9.8;9.8;1;Vinculado
742;NM;148;No;No;153.6;148;262.1;87;225.5;99;9.8;9.8;2;Vinculado
743;VA;99;No;No;130.4;121;219.9;103;84.1;85;9.8;9.8;2;Vinculado
744;GA;136;No;No;163.4;83;249.3;119;249.7;90;9.8;9.8;7;Vinculado
745;MA;102;No;No;143.7;82;170.9;83;310.9;112;9.8;9.8;2;Vinculado
746;UT;188;No;No;231.1;92;182.4;93;227.2;89;9.8;9.8;4;Vinculado
747;IA;86;No;No;126.3;115;168.8;112;154.6;95;9.8;9.8;2;Vinculado
748;MA;73;No;No;94.1;136;280.3;122;205.0;77;9.8;9.8;0;Vinculado
749;MO;61;No;No;45.0;108;151.3;74;152.9;94;9.8;9.8;2;Vinculado
750;CO;65;No;No;158.8;53;188.5;132;189.3;87;9.8;9.8;2;Vinculado
751;NM;83;No;No;129.6;81;189.7;117;219.0;118;9.8;9.8;2;Vinculado
752;MD;58;No;No;187.6;113;217.4;115;139.7;92;9.8;9.8;3;Vinculado
753;UT;110;No;No;271.1;108;237.0;122;239.9;122;9.8;9.8;2;Retirado
754;FL;91;No;No;153.2;70;231.7;91;115.1;80;9.8;9.8;4;Retirado
755;SD;104;No;No;234.2;128;293.1;92;183.9;79;9.8;9.8;0;Retirado
756;MT;72;No;No;253.0;73;219.3;78;210.8;89;9.8;9.8;0;Vinculado
757;DC;108;No;No;138.6;122;172.3;117;231.6;92;9.8;9.8;1;Vinculado
758;OR;12;No;No;204.6;98;212.5;90;182.1;95;9.8;9.8;2;Vinculado
759;MT;49;Si;No;157.6;101;256.4;69;260.8;107;9.8;9.8;1;Vinculado
760;SD;139;No;No;196.0;135;186.0;146;153.0;92;9.8;9.8;3;Vinculado
761;IL;110;No;No;74.5;117;200.8;98;192.2;101;9.8;9.8;3;Vinculado
762;AL;131;No;No;234.0;117;209.4;143;258.8;105;9.8;9.8;1;Vinculado
763;WI;72;No;No;179.9;113;149.8;112;168.2;79;9.8;9.8;2;Vinculado
764;AK;146;Si;No;163.5;85;224.8;149;253.1;116;9.8;9.8;1;Vinculado
765;FL;119;No;No;109.2;96;153.1;80;240.0;102;9.8;9.8;2;Vinculado
766;OR;53;No;No;261.2;119;250.8;105;176.0;112;9.8;9.8;0;Retirado
767;MN;166;No;No;152.1;95;121.0;105;198.0;126;9.8;9.8;0;Vinculado
768;TN;139;No;No;196.9;58;137.1;91;216.6;101;9.8;9.8;1;Vinculado
769;DC;136;;No;204.5;63;208.8;95;224.0;119;9.8;9.8;0;Vinculado
770;ME;39;No;No;154.1;104;204.2;112;196.2;92;9.8;9.8;2;Vinculado
771;PA;136;No;No;102.1;75;219.5;97;73.7;92;9.8;9.8;0;Vinculado
772;RI;128;No;No;212.4;118;148.6;108;214.8;98;9.8;9.8;1;Vinculado
773;KS;107;No;No;260.5;108;102.4;110;129.7;148;9.8;9.8;1;Vinculado
774;TX;37;Si;No;172.9;119;183.0;86;226.4;100;9.8;9.8;0;Retirado
775;VT;76;No;No;208.5;124;173.0;117;221.1;95;9.8;9.8;0;Vinculado
776;LA;151;No;No;178.7;116;292.1;138;265.9;101;9.8;9.8;0;Vinculado
777;AZ;117;No;No;239.9;84;174.8;106;209.5;93;9.8;9.8;0;Vinculado
778;UT;107;No;No;257.7;98;156.5;84;104.4;123;9.8;9.8;1;Vinculado
779;DC;170;No;No;184.1;106;204.9;70;224.3;133;9.8;9.8;2;Vinculado
780;CO;102;No;No;95.6;88;167.6;106;177.3;95;9.8;9.8;3;Vinculado
781;WY;88;No;No;138.7;92;205.8;73;247.9;119;9.8;9.8;1;Vinculado
782;ID;77;No;No;251.8;72;205.7;126;275.2;109;9.8;9.8;2;Retirado
783;WA;88;No;No;202.6;139;210.7;123;81.1;86;9.8;9.8;1;Vinculado
784;LA;44;No;No;189.7;122;178.9;72;244.7;93;9.8;9.8;0;Vinculado
785;OK;139;No;No;148.7;90;204.3;106;144.1;105;9.8;9.8;2;Vinculado
786;MD;121;No;No;190.7;103;183.5;117;220.8;103;9.8;9.8;3;Vinculado
787;MN;84;No;No;216.1;114;197.5;107;217.8;104;9.8;9.8;1;Vinculado
788;RI;112;No;No;168.6;102;298.0;117;194.7;110;9.8;9.8;1;Vinculado
789;AZ;138;No;No;87.6;112;266.9;107;214.6;104;9.8;9.8;2;Vinculado
790;WY;33;No;No;213.9;88;239.8;119;148.7;71;9.8;9.8;2;Vinculado
791;LA;34;No;No;151.1;92;211.7;86;205.8;72;9.8;9.8;0;Vinculado
792;NE;95;No;No;88.0;81;145.9;109;237.7;90;9.8;9.8;2;Vinculado
793;VA;74;No;No;165.3;120;198.5;106;208.5;102;9.8;9.8;1;Vinculado
794;GA;90;No;No;68.8;124;168.1;106;281.7;96;9.8;9.8;1;Vinculado
795;DC;123;No;No;211.0;92;217.0;102;214.8;104;9.8;9.8;3;Vinculado
796;NJ;96;No;No;150.0;122;218.5;116;212.4;89;9.8;9.8;3;Vinculado
797;WV;112;;No;168.4;53;187.5;68;204.5;125;9.8;9.8;1;Vinculado
798;MO;85;No;No;126.1;112;274.7;126;184.4;95;9.8;9.8;1;Vinculado
799;KS;74;No;No;286.9;113;260.8;121;137.1;94;12.6;12.6;0;Retirado
800;ID;57;No;No;217.1;115;258.6;92;173.7;117;12.6;12.6;2;Vinculado
801;WA;134;No;No;208.3;86;253.6;89;291.0;86;12.6;12.6;1;Vinculado
802;VA;118;No;No;154.6;112;184.2;105;217.4;102;12.6;12.6;2;Vinculado
803;OR;116;Si;No;215.4;104;204.8;79;278.5;109;12.6;12.6;3;Vinculado
804;OR;132;No;No;191.9;107;206.9;127;272.0;88;12.6;12.6;1;Vinculado
805;OR;89;No;No;111.2;101;122.1;94;180.8;85;12.6;12.6;3;Vinculado
806;PA;114;No;No;155.3;75;169.9;87;207.0;133;12.6;12.6;2;Vinculado
807;WY;146;No;No;109.0;69;265.8;98;228.3;80;12.6;12.6;1;Vinculado
808;FL;101;No;No;131.0;148;237.7;126;281.3;111;12.6;12.6;3;Vinculado
809;WV;161;No;No;159.6;102;212.6;119;151.4;83;12.6;12.6;5;Retirado
810;RI;104;Si;No;160.4;73;293.9;103;306.6;90;12.6;12.6;4;Vinculado
811;OK;152;No;No;284.6;113;141.8;101;127.4;78;12.6;12.6;0;Vinculado
812;AL;102;No;No;123.1;106;182.0;102;244.6;75;12.6;12.6;2;Vinculado
813;OR;112;No;No;206.2;122;164.5;94;140.3;101;12.6;12.6;3;Vinculado
814;MS;65;No;No;193.8;113;151.7;106;208.9;94;12.6;12.6;3;Vinculado
815;NV;60;No;No;197.0;130;219.2;105;102.8;113;12.6;12.6;1;Vinculado
816;MT;94;No;No;163.5;136;143.7;111;253.4;82;12.6;12.6;1;Vinculado
817;MN;130;No;No;204.5;88;178.4;85;229.6;78;12.6;12.6;0;Vinculado
818;GA;107;No;No;114.9;119;239.7;91;165.3;112;12.6;12.6;2;Vinculado
819;MO;135;No;No;246.8;129;187.8;121;154.5;109;12.6;12.6;1;Vinculado
820;VT;43;No;No;135.8;125;163.2;88;229.8;106;12.6;12.6;0;Vinculado
821;SC;108;No;No;187.4;101;199.9;126;216.1;107;12.6;12.6;1;Vinculado
822;NM;161;No;No;107.5;121;256.4;46;247.2;131;12.6;12.6;2;Vinculado
823;CO;140;No;No;149.7;71;212.5;97;245.9;67;12.6;12.6;3;Vinculado
824;MT;25;No;No;134.3;98;202.3;109;195.9;100;12.6;12.6;2;Vinculado
825;AZ;97;;No;100.8;74;233.8;88;208.7;79;12.6;12.6;2;Vinculado
826;IN;130;No;No;115.6;129;167.8;104;141.8;124;12.6;12.6;1;Vinculado
827;MO;86;No;No;83.5;96;221.1;63;349.7;75;12.6;12.6;0;Vinculado
828;IA;93;No;No;198.1;93;236.1;95;127.3;121;12.6;12.6;2;Vinculado
829;SC;212;No;No;226.0;127;304.6;83;181.2;132;12.6;12.6;2;Retirado
830;UT;139;No;No;165.0;132;249.7;86;170.3;128;12.6;12.6;1;Vinculado
831;MN;128;Si;No;192.8;96;136.6;86;151.8;75;13.5;13.5;1;Retirado
832;NM;55;No;No;132.0;103;279.6;114;180.0;74;13.5;13.5;0;Vinculado
833;KY;113;No;No;215.6;96;193.4;127;105.4;115;13.5;13.5;1;Vinculado
834;OK;100;No;No;203.1;96;217.0;126;180.9;122;13.5;13.5;3;Vinculado
835;OK;101;No;No;89.7;118;260.1;79;170.1;93;13.5;13.5;5;Retirado
836;UT;67;No;No;225.9;78;243.1;83;84.1;94;13.5;13.5;2;Retirado
837;TN;110;No;No;220.9;100;279.6;76;239.8;107;13.5;13.5;1;Retirado
838;WY;113;No;No;155.0;93;330.6;106;189.4;123;13.5;13.5;1;Vinculado
839;SC;101;No;No;158.4;92;188.0;117;219.7;125;13.5;13.5;4;Retirado
840;MS;101;No;No;239.0;156;273.0;106;278.2;93;13.5;13.5;1;Retirado
841;MO;110;No;No;222.7;94;105.8;98;214.8;78;13.5;13.5;1;Vinculado
842;IL;183;No;No;108.3;87;183.6;116;176.6;109;13.5;13.5;0;Vinculado
843;NH;119;No;No;138.3;89;170.5;78;263.9;98;13.5;13.5;3;Vinculado
844;IN;56;No;No;254.8;83;194.0;98;186.2;118;13.5;13.5;4;Vinculado
845;DC;101;No;No;257.3;84;184.8;115;108.9;109;13.5;13.5;0;Vinculado
846;OR;27;No;No;232.1;81;210.8;101;165.4;87;15.0;15.0;5;Vinculado
847;MS;115;No;No;182.1;97;231.1;76;246.2;103;15.0;15.0;0;Vinculado
848;CO;23;No;No;190.2;89;166.4;108;219.8;73;15.0;15.0;6;Vinculado
849;OR;70;No;No;101.9;98;193.3;113;167.5;126;15.0;15.0;1;Vinculado
850;CO;89;No;No;94.5;107;191.8;85;196.2;131;15.0;15.0;1;Vinculado
851;UT;144;No;No;139.6;96;124.2;93;95.6;75;15.0;15.0;2;Vinculado
852;DE;73;No;No;254.8;85;143.4;80;153.9;102;15.0;15.0;2;Vinculado
853;NC;127;;No;134.9;79;221.5;114;113.8;118;15.0;15.0;1;Vinculado
854;MD;70;No;No;170.2;98;155.2;102;228.6;76;15.0;15.0;1;Vinculado
855;ND;58;No;No;177.4;107;204.7;104;141.9;123;15.0;15.0;3;Vinculado
856;WV;145;No;No;129.4;97;185.4;101;204.7;106;1.1;1.1;2;Vinculado
857;MO;154;No;No;162.0;87;199.5;147;243.0;66;1.1;1.1;1;Vinculado
858;MS;123;Si;No;125.5;106;128.9;96;251.9;129;6.3;6.3;4;Retirado
859;CO;84;No;No;148.8;89;189.8;93;147.6;73;6.3;6.3;1;Vinculado
860;MO;20;No;No;190.0;109;258.2;84;181.5;102;6.3;6.3;0;Vinculado
861;IL;149;No;No;69.1;117;136.3;100;181.7;53;6.3;6.3;1;Vinculado
862;NJ;67;No;No;178.0;77;233.6;88;175.6;88;6.3;6.3;2;Vinculado
863;NH;74;No;No;233.6;72;168.0;103;276.3;71;6.3;6.3;2;Vinculado
864;PA;79;No;No;268.3;114;185.5;111;264.6;88;6.3;6.3;1;Retirado
865;OK;112;No;No;166.0;79;74.6;100;247.9;74;6.3;6.3;0;Vinculado
866;WA;110;No;No;185.1;100;165.1;88;111.6;104;6.3;6.3;3;Vinculado
867;MI;81;No;No;153.5;99;197.6;102;198.5;86;6.3;6.3;2;Vinculado
868;ME;89;No;No;242.5;71;213.3;109;231.0;84;6.3;6.3;3;Vinculado
869;OK;116;No;No;211.3;91;190.9;116;184.1;134;6.3;6.3;2;Vinculado
870;AL;106;No;No;212.9;110;187.0;69;128.1;71;6.3;6.3;3;Vinculado
871;AL;32;No;No;230.9;87;187.4;90;154.0;53;6.3;6.3;0;Vinculado
872;WY;63;No;No;120.1;103;179.2;132;127.3;82;6.3;6.3;1;Vinculado
873;OR;177;No;No;84.9;77;;109;210.5;66;7.5;7.5;2;Vinculado
874;UT;96;Si;No;99.8;101;253.6;83;112.5;75;7.5;7.5;0;Vinculado
875;IA;157;No;No;248.7;113;251.8;79;262.7;46;7.5;7.5;5;Retirado
876;CO;126;No;No;120.0;82;213.6;111;312.9;136;7.5;7.5;1;Vinculado
877;AL;88;No;No;181.9;90;151.5;87;143.0;100;7.5;7.5;1;Vinculado
878;NV;94;No;No;190.6;108;152.3;95;144.7;97;7.5;7.5;1;Vinculado
879;MO;152;No;No;101.2;122;141.6;87;198.5;124;7.5;7.5;2;Vinculado
880;TX;92;No;No;240.2;86;107.6;79;156.6;121;7.5;7.5;1;Vinculado
881;NJ;127;;No;262.9;95;175.9;126;202.1;101;7.5;7.5;1;Vinculado
882;ME;88;No;No;192.0;91;127.6;127;155.6;125;7.5;7.5;1;Vinculado
883;AR;156;No;No;178.8;94;178.4;97;169.2;77;7.5;7.5;1;Vinculado
884;OH;65;No;No;187.9;116;157.6;117;227.3;86;7.5;7.5;1;Vinculado
885;OK;116;No;No;205.0;90;140.9;114;272.6;96;7.5;7.5;2;Vinculado
886;NV;115;No;No;184.1;98;327.0;73;212.5;106;7.5;7.5;2;Vinculado
887;WI;89;No;No;326.3;112;165.1;110;162.9;97;7.5;7.5;1;Retirado
888;CT;77;No;No;245.2;87;254.1;83;239.4;91;7.5;7.5;0;Retirado
889;MO;86;No;No;223.0;109;286.2;76;257.8;132;7.5;7.5;3;Retirado
890;ME;100;No;No;264.5;117;194.0;111;262.7;111;7.5;7.5;2;Retirado
891;MO;104;No;No;189.3;73;156.2;120;232.2;76;7.5;7.5;3;Vinculado
892;WV;87;No;No;124.3;91;173.4;105;256.3;109;7.5;7.5;3;Vinculado
893;CT;33;No;No;182.5;65;232.1;96;149.2;82;7.5;7.5;2;Vinculado
894;CT;67;No;No;115.5;70;252.2;143;208.9;91;7.5;7.5;0;Vinculado
895;MO;76;No;No;129.7;84;177.5;80;228.9;87;7.5;7.5;5;Retirado
896;VT;63;No;No;142.5;92;208.3;102;228.9;120;7.5;7.5;2;Vinculado
897;DE;119;No;No;176.8;90;224.7;81;204.6;77;7.5;7.5;1;Vinculado
898;CO;137;No;No;127.0;107;323.2;75;143.9;127;7.5;7.5;1;Vinculado
899;ND;140;No;No;244.7;115;258.6;101;231.3;112;7.5;7.5;1;Retirado
900;KS;33;No;No;228.1;77;176.3;102;224.5;119;7.5;7.5;0;Vinculado
901;MT;121;No;No;213.2;79;120.7;116;244.4;102;7.5;7.5;1;Vinculado
902;WA;124;No;No;282.8;108;246.3;89;256.4;96;10.3;10.3;3;Retirado
903;VT;73;No;No;217.8;91;220.6;97;277.3;89;10.3;10.3;1;Retirado
904;KY;105;No;No;181.3;134;136.0;84;271.2;122;10.3;10.3;1;Vinculado
905;VA;146;No;No;205.4;101;134.9;77;310.5;83;10.3;10.3;3;Vinculado
906;DE;105;Si;No;150.0;106;293.8;123;250.7;65;10.3;10.3;3;Vinculado
907;TN;196;No;No;133.1;80;206.5;120;221.6;96;10.3;10.3;1;Vinculado
908;NH;59;No;No;163.5;107;187.1;91;179.1;100;10.3;10.3;2;Vinculado
909;RI;133;;No;127.3;108;251.3;81;135.0;88;10.3;10.3;1;Vinculado
910;MT;83;No;No;188.3;70;243.8;88;213.7;79;10.3;10.3;0;Vinculado
911;WV;62;No;No;128.7;111;169.5;104;193.6;97;10.3;10.3;1;Vinculado
912;WV;173;No;No;191.4;114;168.5;138;109.3;99;10.3;10.3;1;Vinculado
913;NH;75;No;No;226.1;105;201.5;107;246.2;98;10.3;10.3;1;Vinculado
914;MS;79;No;No;161.6;94;187.5;110;220.8;71;10.3;10.3;2;Vinculado
915;VA;104;No;No;139.7;112;199.8;127;189.3;104;10.3;10.3;2;Vinculado
916;NV;77;No;No;215.5;81;170.9;100;170.3;59;10.3;10.3;1;Vinculado
917;AZ;136;No;No;92.0;117;253.6;77;214.1;90;10.3;10.3;1;Vinculado
918;SD;91;No;No;153.0;123;141.1;127;171.5;76;10.3;10.3;1;Retirado
919;DE;51;No;No;181.5;108;196.9;87;187.2;119;10.3;10.3;1;Vinculado
920;WV;137;No;No;84.3;98;259.5;115;197.5;115;10.3;10.3;2;Vinculado
921;VA;132;No;No;81.1;86;245.2;72;237.0;115;10.3;10.3;0;Vinculado
922;VA;133;No;No;171.8;64;177.1;83;223.0;96;10.3;10.3;1;Vinculado
923;MD;102;No;No;271.1;80;172.0;133;169.2;105;10.3;10.3;1;Vinculado
924;MT;117;No;No;233.4;71;296.4;76;276.9;103;10.3;10.3;0;Retirado
925;WA;96;No;No;276.9;105;246.9;94;254.4;107;10.3;10.3;1;Retirado
926;DE;112;No;No;101.1;119;214.4;67;179.5;112;10.3;10.3;2;Vinculado
927;OH;135;No;No;218.8;123;242.8;64;85.8;80;10.3;10.3;4;Vinculado
928;MI;158;No;No;195.9;103;89.1;95;302.2;82;10.3;10.3;1;Vinculado
929;WY;159;No;No;167.4;68;143.8;74;140.1;111;10.3;10.3;0;Retirado
930;IL;86;Si;No;266.1;120;182.0;92;206.5;103;10.3;10.3;1;Vinculado
931;ME;165;No;No;150.5;75;193.1;93;311.6;93;10.3;10.3;1;Vinculado
932;MN;93;No;No;172.0;80;219.1;76;169.8;108;10.3;10.3;0;Vinculado
933;NV;138;No;No;180.5;82;242.4;103;244.4;89;10.3;10.3;2;Vinculado
934;MI;110;No;No;94.1;127;283.0;97;168.7;69;10.3;10.3;2;Vinculado
935;AR;113;Si;No;122.2;112;131.7;94;169.5;106;10.3;10.3;5;Retirado
936;AL;89;No;No;129.2;71;214.1;68;214.9;100;10.3;10.3;5;Retirado
937;NC;103;;No;263.4;118;179.1;69;214.7;112;10.3;10.3;0;Vinculado
938;NV;77;No;No;239.2;114;150.0;115;160.8;81;10.3;10.3;5;Vinculado
939;HI;171;No;No;189.8;122;173.7;85;257.1;84;10.3;10.3;0;Vinculado
940;NC;111;No;No;224.9;117;191.9;127;229.9;97;10.3;10.3;0;Vinculado
941;NH;35;No;No;138.1;115;158.2;82;215.7;118;10.3;10.3;5;Retirado
942;NE;96;No;No;180.6;92;190.9;114;295.6;125;10.3;10.3;1;Retirado
943;VT;68;No;No;158.8;119;211.8;105;198.1;101;10.3;10.3;1;Vinculado
944;IA;82;No;No;183.6;111;303.5;88;189.8;115;10.3;10.3;0;Vinculado
945;NC;135;No;No;201.8;81;225.0;114;204.4;82;10.3;10.3;1;Vinculado
946;VA;84;No;No;130.2;105;278.0;60;305.4;74;14.0;14.0;2;Vinculado
947;ID;109;No;No;195.4;104;204.9;91;230.2;95;14.0;14.0;0;Vinculado
948;TN;104;No;No;142.6;88;85.4;96;246.4;80;14.0;14.0;1;Vinculado
949;ND;120;No;No;177.2;88;270.4;99;231.5;90;14.0;14.0;2;Vinculado
950;AL;95;No;No;190.2;119;157.1;70;181.5;120;14.0;14.0;0;Vinculado
951;NY;116;No;No;89.5;128;180.8;137;193.1;94;14.0;14.0;2;Vinculado
952;AZ;100;No;No;78.7;98;225.6;102;150.4;106;14.0;14.0;0;Vinculado
953;WY;34;No;No;128.8;80;208.7;93;202.1;103;14.0;14.0;1;Vinculado
954;NV;143;No;No;209.1;127;106.1;80;179.6;90;14.0;14.0;0;Vinculado
955;AR;138;No;No;146.5;101;284.5;142;176.0;98;14.0;14.0;3;Vinculado
956;LA;96;No;No;102.1;74;93.7;88;236.2;125;14.0;14.0;1;Vinculado
957;WV;100;No;No;239.1;96;180.1;110;259.2;112;14.0;14.0;0;Vinculado
958;FL;79;No;No;130.2;119;290.9;121;194.8;140;14.0;14.0;3;Vinculado
959;UT;95;No;No;157.9;103;259.6;90;230.0;117;14.0;14.0;0;Vinculado
960;OR;28;No;No;171.2;90;173.9;65;210.5;139;14.0;14.0;2;Vinculado
961;AZ;124;No;No;253.5;104;117.9;123;248.5;104;14.0;14.0;0;Vinculado
962;VT;42;No;No;217.2;122;303.2;58;147.3;114;14.0;14.0;2;Vinculado
963;HI;108;No;No;291.6;99;221.1;93;229.2;110;14.0;14.0;2;Retirado
964;TN;120;No;No;185.7;133;235.1;149;256.4;78;16.9;16.9;0;Vinculado
965;SC;137;;No;109.8;112;223.5;88;247.5;96;17.8;17.8;1;Vinculado
966;OK;172;No;No;203.9;109;234.0;123;160.7;65;17.8;17.8;4;Vinculado
967;IL;98;Si;No;158.4;71;306.6;66;144.2;93;2.1;2.1;1;Vinculado
968;NH;123;No;No;224.0;99;210.7;80;231.9;75;2.1;2.1;0;Vinculado
969;CA;82;No;No;199.3;112;193.4;120;254.4;117;7.0;7.0;0;Vinculado
970;NY;61;No;No;197.7;118;152.2;96;221.0;93;7.0;7.0;2;Vinculado
971;LA;57;No;No;198.1;89;214.2;105;109.5;106;7.0;7.0;1;Vinculado
972;NM;118;No;No;205.2;115;184.8;137;176.1;115;7.0;7.0;0;Vinculado
973;WA;71;No;No;141.2;132;149.1;90;171.4;72;7.0;7.0;2;Vinculado
974;NE;135;No;No;181.8;92;159.6;63;232.4;78;7.0;7.0;0;Vinculado
975;MT;42;No;No;150.7;52;246.7;96;103.8;118;7.0;7.0;2;Vinculado
976;TN;1;No;No;196.1;107;296.5;82;211.5;91;7.0;7.0;1;Vinculado
977;NY;93;No;No;162.9;103;243.6;97;172.4;111;7.0;7.0;4;Vinculado
978;WA;55;No;No;194.1;121;176.6;110;302.8;136;7.0;7.0;2;Vinculado
979;RI;36;No;No;235.1;97;196.8;104;259.7;110;7.0;7.0;3;Vinculado
980;KS;67;No;No;201.4;101;97.6;122;202.5;119;7.0;7.0;0;Vinculado
981;NE;31;No;No;97.5;129;260.4;78;88.7;100;7.0;7.0;1;Vinculado
982;IN;60;No;No;136.4;147;219.9;101;99.7;73;7.0;7.0;0;Vinculado
983;TX;52;No;No;155.0;110;133.4;104;176.1;84;7.0;7.0;4;Retirado
984;MA;51;No;No;183.1;99;160.1;107;311.8;121;7.0;7.0;1;Vinculado
985;UT;201;No;No;212.7;72;225.2;90;195.1;99;7.0;7.0;1;Vinculado
986;MS;132;Si;No;144.3;70;231.5;125;304.3;137;7.0;7.0;1;Retirado
987;OH;133;Si;No;254.7;103;252.2;80;178.1;103;8.0;8.0;0;Retirado
988;CO;141;No;No;126.9;98;180.0;62;140.8;128;8.0;8.0;1;Vinculado
989;RI;90;No;No;190.0;98;196.1;111;216.4;58;8.0;8.0;2;Vinculado
990;MD;125;No;No;224.9;102;143.8;87;198.9;105;8.0;8.0;0;Vinculado
991;IN;65;No;No;207.7;109;217.5;117;125.6;111;8.0;8.0;1;Vinculado
992;IN;84;No;No;163.7;123;175.0;93;194.0;115;8.0;8.0;1;Vinculado
993;KS;126;;No;321.3;99;167.9;93;193.6;106;8.0;8.0;1;Retirado
994;WV;177;No;No;227.8;81;161.8;97;217.0;106;8.0;8.0;1;Vinculado
995;AZ;43;No;No;179.3;97;252.7;126;227.5;114;8.0;8.0;0;Vinculado
996;PA;88;No;No;218.2;76;169.3;60;141.1;99;8.0;8.0;1;Vinculado
997;NJ;163;No;No;82.0;95;125.2;103;171.3;107;8.0;8.0;1;Vinculado
998;KS;110;No;No;208.0;69;95.1;94;178.5;129;8.0;8.0;1;Vinculado
999;NM;147;No;No;248.6;83;148.9;85;172.5;109;8.0;8.0;3;Vinculado
1000;IL;116;No;No;164.6;110;270.6;103;230.4;109;8.0;8.0;0;Vinculado
